global_step,sample_cursor,coverage_fraction,loss,grad_norm,learning_rate,processed_tokens,supervised_tokens,update_seconds,tokens_per_second,nvml_peak_bytes,allocated_peak_bytes,reserved_peak_bytes
1,16,0.0008,2.1265975656861955,1.2417984008789062,0.0,6951,5924,6.294746815692633,1104.254103226415,26585202688,23580095488,25482493952
2,32,0.0016,1.6949127944122246,1.2472448348999023,2.631578947368421e-06,6157,5319,5.555106814950705,1108.349525058527,26732003328,24150275584,25629294592
3,48,0.0024,1.8363312087648755,1.202357292175293,5.263157894736842e-06,6292,5288,5.896824017167091,1067.0150544907658,26732003328,24150275584,25629294592
4,64,0.0032,1.9719777104760874,1.3114441633224487,7.894736842105263e-06,6133,5292,5.622632771730423,1090.7701514556688,26732003328,24150275584,25629294592
5,80,0.004,2.0460462009984313,1.1864840984344482,1.0526315789473684e-05,7549,6303,6.9995496571063995,1078.4979562700528,28472639488,25577351168,27369930752
6,96,0.0048,2.0607483219953733,1.255531668663025,1.3157894736842106e-05,6588,5852,5.940330685116351,1109.0291684445112,28472639488,25577351168,27369930752
7,112,0.0056,2.0351140388631985,1.1812268495559692,1.5789473684210526e-05,7571,6366,6.754117340315133,1120.945879161577,28472639488,25577351168,27369930752
8,128,0.0064,2.116970014696212,1.1730214357376099,1.8421052631578947e-05,8081,6918,7.905831063166261,1022.156928909076,28472639488,25577351168,27369930752
9,144,0.0072,2.1631938815957303,1.2895526885986328,2.105263157894737e-05,7533,6383,6.8791001830250025,1095.0560101724602,28472639488,25577351168,27369930752
10,160,0.008,2.0933093937128797,1.2285466194152832,2.368421052631579e-05,7758,6619,7.294030965305865,1063.6094139030954,28472639488,25577351168,27369930752
11,176,0.0088,1.8150290441966597,1.2839535474777222,2.6315789473684212e-05,7246,6098,6.372450940310955,1137.0821161074987,28472639488,25577351168,27369930752
12,192,0.0096,1.6634834754049432,1.0083421468734741,2.8947368421052634e-05,6758,5681,6.415645114146173,1053.362503655159,28472639488,25577351168,27369930752
13,208,0.0104,1.600907908471354,0.8575329780578613,3.157894736842105e-05,6276,5352,5.729243846144527,1095.432515797597,28472639488,25577351168,27369930752
14,224,0.0112,1.8796115981354595,0.7728038430213928,3.421052631578947e-05,8214,7226,7.982123582158238,1029.0494647765233,28745269248,25885014528,27642560512
15,240,0.012,1.6485195300710482,0.7159013152122498,3.6842105263157895e-05,7080,5588,6.216656276024878,1138.875898174504,28745269248,25885014528,27642560512
16,256,0.0128,1.7260338724774396,0.5670639872550964,3.9473684210526316e-05,7711,6469,6.831664491910487,1128.714679874978,28745269248,25885014528,27642560512
17,272,0.0136,1.8323351752649584,0.45738187432289124,4.210526315789474e-05,7381,6156,6.942623397801071,1063.1427886953763,28745269248,25885014528,27642560512
18,288,0.0144,1.570099133514226,0.3074301481246948,4.473684210526316e-05,7461,6551,7.1240144381299615,1047.3027623395014,28745269248,25885014528,27642560512
19,304,0.0152,1.7532040460172573,0.2666104733943939,4.736842105263158e-05,8764,7851,8.273516775108874,1059.2835233460528,28745269248,25885014528,27642560512
20,320,0.016,1.5638597272703707,0.3435879051685333,5e-05,6475,5478,5.6803779900074005,1139.8889319320745,28745269248,25885014528,27642560512
21,336,0.0168,1.6839757714533858,0.40535399317741394,5.2631578947368424e-05,7026,6017,6.505096964072436,1080.0761370360049,28745269248,25885014528,27642560512
22,352,0.0176,1.6405568082428221,0.38637933135032654,5.526315789473685e-05,7660,6309,7.237988850101829,1058.305029012615,28745269248,25885014528,27642560512
23,368,0.0184,1.5518140291333138,0.49795854091644287,5.789473684210527e-05,7069,5971,6.1236727689392865,1154.3725908829806,28745269248,25885014528,27642560512
24,384,0.0192,1.7264670550089616,0.4212605953216553,6.052631578947369e-05,7602,6500,7.156488875858486,1062.2527515754814,28745269248,25885014528,27642560512
25,400,0.02,1.6387422624317776,0.42902088165283203,6.31578947368421e-05,7651,6684,7.073064731899649,1081.709314138446,28745269248,25885014528,27642560512
26,416,0.0208,1.64173929014403,0.39324167370796204,6.578947368421054e-05,6575,5565,5.546125261113048,1185.5123514971726,28745269248,25885014528,27642560512
27,432,0.0216,1.4690795283873275,0.3154597282409668,6.842105263157895e-05,7986,6753,7.57979774614796,1053.5901177651435,28745269248,25885014528,27642560512
28,448,0.0224,1.481215219114042,0.32355889678001404,7.105263157894737e-05,7344,5848,6.846620216034353,1072.6460309279043,28745269248,25885014528,27642560512
29,464,0.0232,1.5920049657834034,0.24690863490104675,7.368421052631579e-05,7937,6934,7.385022460017353,1074.742838355748,28745269248,25885014528,27642560512
30,480,0.024,1.4923995864838266,0.24422797560691833,7.631578947368422e-05,7399,6188,6.702541951090097,1103.909539692867,28745269248,25885014528,27642560512
31,496,0.0248,1.5250895382002003,0.2774544358253479,7.894736842105263e-05,7139,5913,6.248505712021142,1142.5131589886662,28745269248,25885014528,27646754816
32,512,0.0256,1.5092238133470655,0.2845102548599243,8.157894736842105e-05,7032,6101,6.13935910910368,1145.3964290136862,28749463552,25885014528,27646754816
33,528,0.0264,1.6382081458835795,0.25941935181617737,8.421052631578948e-05,8197,6870,7.375413545407355,1111.395306789847,28749463552,25885014528,27646754816
34,544,0.0272,1.411574806308492,0.2683838903903961,8.68421052631579e-05,7016,6001,6.527803320903331,1074.7872837304037,28749463552,25885014528,27646754816
35,560,0.028,1.5312830563828355,0.2392745465040207,8.947368421052632e-05,7691,6346,6.953600243199617,1106.0457505479317,28749463552,25885014528,27646754816
36,576,0.0288,1.6145019455801082,0.2741912007331848,9.210526315789474e-05,7424,6320,6.787083711009473,1093.8424095104901,28749463552,25885014528,27646754816
37,592,0.0296,1.4891652760554417,0.22780202329158783,9.473684210526316e-05,6676,5870,6.278294259216636,1063.3461453641687,28749463552,25885014528,27646754816
38,608,0.0304,1.4214815659280822,0.2229234129190445,9.736842105263158e-05,7662,6576,7.15191992605105,1071.3207193624987,28749463552,25885014528,27646754816
39,624,0.0312,1.5466572280482833,0.2418706864118576,0.0001,7615,6108,6.822883860208094,1116.0969695544175,28749463552,25885014528,27646754816
40,640,0.032,1.3742165516260336,0.22442390024662018,9.999983202901413e-05,7022,5981,6.803760705050081,1032.0762743445594,28749463552,25885014528,27646754816
41,656,0.0328,1.5511283084295016,0.21778491139411926,9.999932811718506e-05,7451,6253,6.628985106013715,1124.003128810859,28749463552,25885014528,27646754816
42,672,0.0336,1.6638535781958135,0.2476775199174881,9.999848826789853e-05,8208,7383,8.19653940293938,1001.3982238719564,28749463552,25885014528,27646754816
43,688,0.0344,1.3859458343543654,0.24426905810832977,9.999731248679733e-05,6800,5854,6.291014428716153,1080.9067563031674,28749463552,25885014528,27646754816
44,704,0.0352,1.488491869620398,0.23671314120292664,9.999580078178135e-05,7592,6553,6.915628551039845,1097.8033224266296,28749463552,25885014528,27646754816
45,720,0.036,1.3955185554368268,0.22002945840358734,9.999395316300748e-05,7066,6032,6.478472386021167,1090.689221003174,28749463552,25885014528,27646754816
46,736,0.0368,1.4938902113810204,0.2096511274576187,9.999176964288959e-05,7931,6566,7.258387505076826,1092.6669311128292,28749463552,25885014528,27646754816
47,752,0.0376,1.3744008870647966,0.22144603729248047,9.99892502360984e-05,6361,5560,6.153246427886188,1033.7632458814396,28749463552,25885014528,27646754816
48,768,0.0384,1.4463937602973165,0.2592722475528717,9.99863949595614e-05,6860,5804,5.964216805063188,1150.192929636018,28749463552,25885014528,27646754816
49,784,0.0392,1.4527086634352333,0.2244470715522766,9.998320383246272e-05,7467,6154,6.617290886119008,1128.4073994183047,28749463552,25885014528,27646754816
50,800,0.04,1.5208054151686927,0.22449184954166412,9.997967687624303e-05,7165,6153,6.898190967738628,1038.6781162639859,28749463552,25885014528,27646754816
51,816,0.0408,1.5617491689596827,0.22094498574733734,9.997581411459941e-05,8319,7143,8.319160732906312,999.9806791921118,29273751552,26278154240,28171042816
52,832,0.0416,1.576402501965611,0.2142699807882309,9.997161557348511e-05,7573,6774,7.2849889332428575,1039.5348667508458,29273751552,26278154240,28171042816
53,848,0.0424,1.4290054586244667,0.22275666892528534,9.996708128110947e-05,6821,5750,6.298068295698613,1083.0304912156214,29273751552,26278154240,28171042816
54,864,0.0432,1.5249781702597116,0.223382830619812,9.996221126793765e-05,6974,5820,6.455977967008948,1080.2391265333038,29273751552,26278154240,28171042816
55,880,0.044,1.6061262987959894,0.19312196969985962,9.995700556669052e-05,8731,7564,8.380371869076043,1041.8392090949794,29273751552,26278154240,28171042816
56,896,0.0448,1.1153541306654613,0.235043004155159,9.995146421234434e-05,6350,5076,5.566925466991961,1140.6655321058513,29273751552,26278154240,28171042816
57,912,0.0456,1.391201592839823,0.23643700778484344,9.994558724213054e-05,6565,5562,6.172759183682501,1063.5438390913378,29273751552,26278154240,28171042816
58,928,0.0464,1.2853169626034662,0.2327168732881546,9.99393746955356e-05,6879,6102,6.937676438130438,991.5423501436383,29273751552,26278154240,28171042816
59,944,0.0472,1.4139618253329653,0.21616193652153015,9.993282661430057e-05,8213,7186,8.93520917603746,919.1726615674215,31769362432,28449269248,30666653696
60,960,0.048,1.397966845229417,0.25022831559181213,9.9925943042421e-05,6762,5608,6.712817048188299,1007.3267231117188,31769362432,28449269248,30666653696
61,976,0.0488,1.6665499305129596,0.23172418773174286,9.991872402614648e-05,7773,6566,6.939194222912192,1120.158875843928,31769362432,28449269248,30666653696
62,992,0.0496,1.384466654609458,0.24692097306251526,9.991116961398043e-05,6693,5697,5.913767758291215,1131.7657834324466,31769362432,28449269248,30666653696
63,1008,0.0504,1.4629550395603956,0.22471553087234497,9.990327985667972e-05,7339,6419,6.89971207594499,1063.667573258098,31769362432,28449269248,30666653696
64,1024,0.0512,1.401967849783818,0.23795722424983978,9.989505480725439e-05,7166,5827,6.981038470286876,1026.4948446424366,31769362432,28449269248,30666653696
65,1040,0.052,1.4401732873845878,0.22256073355674744,9.988649452096718e-05,7522,6740,6.775395915843546,1110.1934253628779,31769362432,28449269248,30666653696
66,1056,0.0528,1.562512354009599,0.23765486478805542,9.987759905533331e-05,8188,6845,7.399336949922144,1106.5856380666858,31769362432,28449269248,30666653696
67,1072,0.0536,1.425338435431471,0.2554340958595276,9.986836847012e-05,6669,5443,5.833029133267701,1143.3167652060024,31769362432,28449269248,30666653696
68,1088,0.0544,1.339968244806541,0.23881150782108307,9.985880282734604e-05,6753,5872,6.820879265666008,990.0483115120232,31769362432,28449269248,30666653696
69,1104,0.0552,1.4621721414777347,0.22570805251598358,9.984890219128146e-05,7266,6147,6.5240490436553955,1113.7255332355523,31769362432,28449269248,30666653696
70,1120,0.056,1.6121780866083806,0.22099027037620544,9.983866662844705e-05,8469,7235,8.253915678709745,1026.0584587561327,31769362432,28449269248,30666653696
71,1136,0.0568,1.5583983824488432,0.24853375554084778,9.98280962076139e-05,6660,5825,6.331317788921297,1051.9137124429042,31769362432,28449269248,30666653696
72,1152,0.0576,1.4024174245874783,0.21791614592075348,9.981719099980299e-05,7713,6793,7.696042876690626,1002.2033561378319,31769362432,28449269248,30666653696
73,1168,0.0584,1.2488942807854826,0.25837594270706177,9.980595107828465e-05,6250,5241,5.603634478989989,1115.347552277627,31769362432,28449269248,30666653696
74,1184,0.0592,1.342369350947558,0.249259352684021,9.979437651857808e-05,6836,5729,6.63941454468295,1029.6088539123502,31769362432,28449269248,30666653696
75,1200,0.06,1.4708219837063081,0.2086421698331833,9.978246739845094e-05,8451,7378,7.471697440836579,1131.068283601935,31769362432,28449269248,30666653696
76,1216,0.0608,1.2648355166532785,0.24924390017986298,9.977022379791865e-05,6802,5739,5.915780103765428,1149.8060916210336,31769362432,28449269248,30666653696
77,1232,0.0616,1.312018061108343,0.2422129362821579,9.975764579924402e-05,7656,6352,7.470456936396658,1024.8369096004503,31769362432,28449269248,30666653696
78,1248,0.0624,1.496657987517253,0.22525423765182495,9.97447334869366e-05,8176,6818,7.495489390101284,1090.7893500319558,31769362432,28449269248,30666653696
79,1264,0.0632,1.328529564665839,0.2533060610294342,9.973148694775217e-05,7421,6295,6.676297513768077,1111.5442331166598,31769362432,28449269248,30666653696
80,1280,0.064,1.573252037149198,0.24165217578411102,9.971790627069204e-05,7467,6496,6.784045144915581,1100.6707414965053,31769362432,28449269248,30666653696
81,1296,0.0648,1.1440047511586744,0.25672727823257446,9.970399154700263e-05,6490,5271,6.107357481960207,1062.652713414932,31769362432,28449269248,30666653696
82,1312,0.0656,1.5193461369027246,0.2291404753923416,9.968974287017474e-05,7840,6751,7.208064449951053,1087.67062981148,31769362432,28449269248,30666653696
83,1328,0.0664,1.2779398224983174,0.26372030377388,9.967516033594295e-05,6629,5489,5.9016632828861475,1123.2426660502658,31769362432,28449269248,30666653696
84,1344,0.0672,1.5959411035085613,0.227198988199234,9.966024404228495e-05,7770,6864,7.653173357248306,1015.2651243214094,31769362432,28449269248,30666653696
85,1360,0.068,1.4177475155342982,0.25503650307655334,9.964499408942091e-05,7288,6320,6.942083976231515,1049.8288446168096,31769362432,28449269248,30666653696
86,1376,0.0688,1.1855524726979547,0.23129646480083466,9.962941057981284e-05,7479,6368,6.977969408966601,1071.801775225552,31769362432,28449269248,30666653696
87,1392,0.0696,1.3455975347958902,0.23790809512138367,9.961349361816384e-05,7222,6210,6.599019149783999,1094.405067795021,31769362432,28449269248,30666653696
88,1408,0.0704,1.3685025350322364,0.2502281963825226,9.959724331141739e-05,7215,6168,7.073524616193026,1020.000691519911,31769362432,28449269248,30666653696
89,1424,0.0712,1.4988197762980562,0.23248428106307983,9.958065976875671e-05,7788,6620,7.189571006223559,1083.235702555607,31769362432,28449269248,30666653696
90,1440,0.072,1.5220340543853363,0.2532186210155487,9.956374310160397e-05,6769,5870,6.189724185038358,1093.5866926610158,31769362432,28449269248,30666653696
91,1456,0.0728,1.4087536510255203,0.25833427906036377,9.954649342361952e-05,6515,5574,5.699548528995365,1143.0729937390972,31769362432,28449269248,30666653696
92,1472,0.0736,1.3920079509485739,0.23848991096019745,9.952891085070119e-05,7713,6379,7.0556745310314,1093.162668725383,31769362432,28449269248,30666653696
93,1488,0.0744,1.412266664175221,0.2338138073682785,9.951099550098349e-05,8195,6803,7.463221161160618,1098.051340438313,31769362432,28449269248,30666653696
94,1504,0.0752,1.4829144446536935,0.24185679852962494,9.949274749483671e-05,7997,6416,7.811422131955624,1023.7572448280831,31769362432,28449269248,30666653696
95,1520,0.076,1.3118000891274078,0.25633519887924194,9.947416695486633e-05,7066,5976,6.450214955024421,1095.4673680287058,31769362432,28449269248,30666653696
96,1536,0.0768,1.466244027240743,0.23846861720085144,9.9455254005912e-05,7663,6371,6.803307740949094,1126.3638647236874,31769362432,28449269248,30666653696
97,1552,0.0776,1.5472936359954994,0.23777998983860016,9.943600877504678e-05,7968,6814,7.368914742954075,1081.298980642808,31769362432,28449269248,30666653696
98,1568,0.0784,1.4261944393883828,0.2416602522134781,9.941643139157631e-05,7416,6133,6.894892298150808,1075.5788022952806,31769362432,28449269248,30666653696
99,1584,0.0792,1.5314311420290283,0.23939397931098938,9.939652198703784e-05,7757,6633,6.956032364163548,1115.147197986444,31769362432,28449269248,30666653696
100,1600,0.08,1.1727406182204292,0.2715601623058319,9.937628069519951e-05,6586,5340,6.099830708000809,1079.7020958895646,31769362432,28449269248,30666653696
101,1616,0.0808,1.2395076922022426,0.2555512487888336,9.935570765205927e-05,6890,5890,6.1399305067025125,1122.1625379112502,31769362432,28449269248,30666653696
102,1632,0.0816,1.5610231869429432,0.2540930211544037,9.933480299584413e-05,7206,6249,6.709535362198949,1073.993892423326,31769362432,28449269248,30666653696
103,1648,0.0824,1.5641754071635585,0.22236427664756775,9.93135668670091e-05,9008,7750,8.133460161276162,1107.523713325304,31769362432,28449269248,30666653696
104,1664,0.0832,1.629541632220125,0.26538562774658203,9.92919994082363e-05,7398,6190,7.141016686335206,1035.9869364479357,31769362432,28449269248,30666653696
105,1680,0.084,1.4839123826239333,0.24244780838489532,9.927010076443407e-05,7871,6510,6.873903254978359,1145.0553940076918,31769362432,28449269248,30666653696
106,1696,0.0848,1.4338845059870526,0.24630394577980042,9.924787108273586e-05,7369,6237,6.665954634081572,1105.4680693930784,31769362432,28449269248,30666653696
107,1712,0.0856,1.28487299781353,0.29197683930397034,9.92253105124993e-05,6008,5188,5.887952411081642,1020.3886819282741,31769362432,28449269248,30666653696
108,1728,0.0864,1.3681963307749416,0.26443928480148315,9.920241920530529e-05,7017,5933,6.721518017351627,1043.9606026325578,31769362432,28449269248,30666653696
109,1744,0.0872,1.2539702139752111,0.2482665479183197,9.917919731495681e-05,7043,6105,6.811194534879178,1034.033011967839,31769362432,28449269248,30666653696
110,1760,0.088,1.3179551712564799,0.26334652304649353,9.915564499747803e-05,7326,5787,6.544047286268324,1119.4906881819886,31769362432,28449269248,30666653696
111,1776,0.0888,1.5004061353733762,0.2477731853723526,9.913176241111319e-05,8013,6694,7.4829863589257,1070.8291603982545,31769362432,28449269248,30666653696
112,1792,0.0896,1.3717629307677226,0.267846941947937,9.910754971632554e-05,7052,5969,6.176555912010372,1141.736608631247,31769362432,28449269248,30666653696
113,1808,0.0904,1.4237470812500785,0.2447771579027176,9.908300707579632e-05,7079,6138,7.098799914121628,997.210808254753,31769362432,28449269248,30666653696
114,1824,0.0912,1.3278237434179203,0.2523137927055359,9.905813465442356e-05,7198,6075,6.423342699185014,1120.6003380316722,31769362432,28449269248,30666653696
115,1840,0.092,1.4273334427189752,0.2707318067550659,9.903293261932105e-05,6848,5786,6.453690000344068,1061.098379320189,31769362432,28449269248,30666653696
116,1856,0.0928,1.2349473177356847,0.25867563486099243,9.900740113981725e-05,6597,5672,5.828182871919125,1131.9136933374425,31769362432,28449269248,30666653696
117,1872,0.0936,1.45096576287434,0.24048958718776703,9.898154038745408e-05,7670,6479,7.149719068780541,1072.7694229961119,31769362432,28449269248,30666653696
118,1888,0.0944,1.393070885319748,0.26725953817367554,9.895535053598577e-05,7734,5857,7.031252161134034,1099.9463285857498,31769362432,28449269248,30666653696
119,1904,0.0952,1.419249552597135,0.24569983780384064,9.892883176137771e-05,7804,6464,7.616497745737433,1024.6179097692902,31769362432,28449269248,30666653696
120,1920,0.096,1.5384678178050983,0.24542264640331268,9.89019842418053e-05,7358,6360,6.899523637257516,1066.4504372833374,31769362432,28449269248,30666653696
121,1936,0.0968,1.360378183701813,0.25453096628189087,9.887480815765273e-05,8369,6340,8.21885256934911,1018.2686609090472,31769362432,28449269248,30666653696
122,1952,0.0976,1.4489991958502613,0.2541695833206177,9.88473036915117e-05,7492,6289,6.720785536337644,1114.7506432830787,31769362432,28449269248,30666653696
123,1968,0.0984,1.5749548114125562,0.22656002640724182,9.881947102818036e-05,8679,7601,8.23724857158959,1053.6285174073803,31769362432,28449269248,30666653696
124,1984,0.0992,1.2944999146922638,0.2532716989517212,9.879131035466187e-05,7038,6049,6.770816787146032,1039.461001715657,31769362432,28449269248,30666653696
125,2000,0.1,1.2807410164729376,0.2824972867965698,9.876282186016329e-05,6542,5178,5.82487326906994,1123.1145636657884,31769362432,28449269248,30666653696
126,2016,0.1008,1.4443102797238052,0.2454117387533188,9.873400573609421e-05,7271,6304,6.530716304201633,1113.3541347251748,31769362432,28449269248,30666653696
127,2032,0.1016,1.6250609346618248,0.24472087621688843,9.870486217606558e-05,7350,6236,6.48983187507838,1132.5408949690598,31769362432,28449269248,30666653696
128,2048,0.1024,1.6737236482689628,0.23041431605815887,9.867539137588827e-05,8146,7133,7.664923693053424,1062.7633524104833,31769362432,28449269248,30666653696
129,2064,0.1032,1.4183205642663754,0.2621898055076599,9.864559353357187e-05,8114,6281,7.250156635884196,1119.1482346519613,31769362432,28449269248,30666653696
130,2080,0.104,1.44143797543408,0.23972663283348083,9.861546884932331e-05,7649,6466,7.040012321900576,1086.503780143245,31769362432,28449269248,30666653696
131,2096,0.1048,1.4974258131881506,0.2626909911632538,9.858501752554547e-05,7109,6093,6.373734598048031,1115.3586473740443,31769362432,28449269248,30666653696
132,2112,0.1056,1.271330365084817,0.25243499875068665,9.855423976683595e-05,7000,6075,6.784390122164041,1031.7802888621602,31769362432,28449269248,30666653696
133,2128,0.1064,1.3622098572137928,0.26833295822143555,9.852313577998554e-05,7346,5845,7.350340122822672,999.4095344228771,31769362432,28449269248,30666653696
134,2144,0.1072,1.2633361596019328,0.2559662461280823,9.849170577397694e-05,6797,5831,6.4752191696316,1049.6941990593202,31769362432,28449269248,30666653696
135,2160,0.108,1.4322370828773259,0.25738295912742615,9.845994995998332e-05,6734,5865,6.315477123018354,1066.2693995765155,31769362432,28449269248,30666653696
136,2176,0.1088,1.4567237930580785,0.25927260518074036,9.842786855136688e-05,7383,6202,6.987893104087561,1056.5416342275357,31769362432,28449269248,30666653696
137,2192,0.1096,1.4581132356968278,0.2769163250923157,9.839546176367745e-05,6513,5591,5.922555725090206,1099.694169597839,31769362432,28449269248,30666653696
138,2208,0.1104,1.38627642629446,0.24208998680114746,9.836272981465107e-05,7658,6633,6.998582306783646,1094.2216100791138,31769362432,28449269248,30666653696
139,2224,0.1112,1.5271145548931389,0.26546066999435425,9.832967292420841e-05,7238,6063,6.579986670054495,1100.0022284148572,31769362432,28449269248,30666653696
140,2240,0.112,1.6972074651540214,0.23631379008293152,9.829629131445342e-05,7521,6700,6.7461286638863385,1114.861630235684,31769362432,28449269248,30666653696
141,2256,0.1128,1.4720078272611137,0.261076956987381,9.826258520967178e-05,7358,6247,6.638084571342915,1108.4522833235676,31769362432,28449269248,30666653696
142,2272,0.1136,1.4869009717533677,0.24936603009700775,9.822855483632941e-05,7867,6757,6.932528784964234,1134.7951438820585,31769362432,28449269248,30666653696
143,2288,0.1144,1.510484152176415,0.229786679148674,9.819420042307091e-05,8383,6978,7.509539772756398,1116.313416490901,31769362432,28449269248,30666653696
144,2304,0.1152,1.4041228915953203,0.24571585655212402,9.815952220071806e-05,7397,6396,6.99930842127651,1056.8186961892673,31769362432,28449269248,30666653696
145,2320,0.116,1.4639330742536734,0.23596912622451782,9.812452040226827e-05,7978,6861,7.93109566019848,1005.9139798347037,31769362432,28449269248,30666653696
146,2336,0.1168,1.292451865669879,0.2529294788837433,9.808919526289302e-05,7461,5986,6.954477887134999,1072.8339526108796,31769362432,28449269248,30666653696
147,2352,0.1176,1.4525748949234083,0.25714346766471863,9.805354701993623e-05,6809,5831,6.48229101812467,1050.400233646074,31769362432,28449269248,30666653696
148,2368,0.1184,1.469020008430546,0.2625179588794708,9.801757591291274e-05,7532,6446,6.768577702809125,1112.7891753202503,31769362432,28449269248,30666653696
149,2384,0.1192,1.7714560480610684,0.2476441115140915,9.798128218350662e-05,8318,7517,7.614890745375305,1092.3334658546098,31769362432,28449269248,30666653696
150,2400,0.12,1.4427765715722214,0.260835736989975,9.794466607556963e-05,7604,6497,7.449672488030046,1020.7160129815,31769362432,28449269248,30666653696
151,2416,0.1208,1.3644838005143651,0.2541865110397339,9.79077278351195e-05,7329,6306,6.818916215095669,1074.804231173146,31769362432,28449269248,30666653696
152,2432,0.1216,1.511288023933766,0.24922357499599457,9.787046771033836e-05,7532,6527,6.959469443187118,1082.2664085943152,31769362432,28449269248,30666653696
153,2448,0.1224,1.340394367956974,0.24319157004356384,9.783288595157098e-05,7534,6418,6.8316894909366965,1102.8018779241984,31769362432,28449269248,30666653696
154,2464,0.1232,1.3957622593240049,0.25511422753334045,9.77949828113232e-05,7556,6165,6.994172933977097,1080.3278774097212,31769362432,28449269248,30666653696
155,2480,0.124,1.3941808836207457,0.23673689365386963,9.77567585442601e-05,7655,6832,7.492448818869889,1021.6953342037816,31769362432,28449269248,30666653696
156,2496,0.1248,1.383422960402349,0.26155614852905273,9.77182134072044e-05,7436,6070,6.725754952989519,1105.6007915802502,31769362432,28449269248,30666653696
157,2512,0.1256,1.2716450320655792,0.27093538641929626,9.767934765913469e-05,7095,5887,6.103651976212859,1162.4188318158735,31769362432,28449269248,30666653696
158,2528,0.1264,1.2019200223418256,0.27897119522094727,9.764016156118368e-05,6455,5556,6.240017962176353,1034.4521504788534,31769362432,28449269248,30666653696
159,2544,0.1272,1.3464039040675724,0.25425365567207336,9.760065537663649e-05,8008,6454,7.2636703588068485,1102.4729378434263,31769362432,28449269248,30666653696
160,2560,0.128,1.313336142678605,0.24343152344226837,9.756082937092884e-05,7453,6219,6.702214024029672,1112.0205909985134,31769362432,28449269248,30666653696
161,2576,0.1288,1.424808743353152,0.23390311002731323,9.752068381164524e-05,7760,6772,7.180587840732187,1080.6914659522822,31769362432,28449269248,30666653696
162,2592,0.1296,1.4300423256821453,0.266344279050827,9.748021896851725e-05,7041,6052,6.488896963186562,1085.084266239036,31769362432,28449269248,30666653696
163,2608,0.1304,1.3484481041498468,0.24523262679576874,9.743943511342168e-05,7566,6188,6.852991255931556,1104.0434340918362,31769362432,28449269248,30666653696
164,2624,0.1312,1.0943985095414757,0.28357410430908203,9.739833252037868e-05,6617,5383,6.016813091933727,1099.7516291258735,31769362432,28449269248,30666653696
165,2640,0.132,1.2356691867518117,0.2575189769268036,9.735691146555002e-05,7227,6034,6.679598119109869,1081.9513196945265,31769362432,28449269248,30666653696
166,2656,0.1328,1.3747661389643735,0.2656375765800476,9.731517222723706e-05,6581,5686,5.774659804999828,1139.6342333970954,31769362432,28449269248,30666653696
167,2672,0.1336,1.539748725282292,0.2488195151090622,9.727311508587906e-05,7702,6532,7.230725508183241,1065.1766536128916,31769362432,28449269248,30666653696
168,2688,0.1344,1.2874049376148868,0.27713635563850403,9.723074032405121e-05,7176,6124,6.662487563677132,1077.0751812164663,31769362432,28449269248,30666653696
169,2704,0.1352,1.0428745469785596,0.2991994321346283,9.718804822646273e-05,6003,4907,5.261589802335948,1140.909919913349,31769362432,28449269248,30666653696
170,2720,0.136,1.6291196680119455,0.23407809436321259,9.714503907995496e-05,8767,7556,8.134212446864694,1077.7933398308537,31769362432,28449269248,30666653696
171,2736,0.1368,1.3075570697567547,0.24775056540966034,9.710171317349945e-05,7318,6552,6.937449055723846,1054.8545929807117,31769362432,28449269248,30666653696
172,2752,0.1376,1.3364780964255765,0.2814953923225403,9.705807079819602e-05,6367,5532,5.8876860700547695,1081.4095595862455,31769362432,28449269248,30666653696
173,2768,0.1384,1.3116239602058193,0.253822922706604,9.701411224727077e-05,8107,6609,7.4662571819499135,1085.8184767059884,31769362432,28449269248,30666653696
174,2784,0.1392,1.4475782682934906,0.2635795474052429,9.696983781607417e-05,7199,5893,6.238893620669842,1153.8904872731387,31769362432,28449269248,30666653696
175,2800,0.14,1.3305564138512536,0.26474499702453613,9.692524780207897e-05,7224,6157,7.101246882230043,1017.286135773864,31769362432,28449269248,30666653696
176,2816,0.1408,1.1773307127496888,0.286444753408432,9.688034250487833e-05,6168,5253,5.5655020428821445,1108.2558145654452,31769362432,28449269248,30666653696
177,2832,0.1416,1.2766755400601293,0.26595842838287354,9.683512222618377e-05,7048,5973,6.263528129085898,1125.244407743817,31769362432,28449269248,30666653696
178,2848,0.1424,1.4498329966260153,0.25986260175704956,9.6789587269823e-05,6846,6138,6.2836510869674385,1089.4939749597008,31769362432,28449269248,30666653696
179,2864,0.1432,1.3450146577881186,0.2675006091594696,9.674373794173818e-05,7224,6123,6.654683853965253,1085.551193494416,31769362432,28449269248,30666653696
180,2880,0.144,1.6135170560872223,0.2575984299182892,9.669757454998353e-05,7247,6460,6.778017017990351,1069.1917681476552,31769362432,28449269248,30666653696
181,2896,0.1448,1.5205129426712691,0.23226206004619598,9.665109740472347e-05,8113,7058,7.409588294103742,1094.9326302590935,31769362432,28449269248,30666653696
182,2912,0.1456,1.3771447392002079,0.26173657178878784,9.660430681823048e-05,7079,6105,6.295155161991715,1124.5155707584315,31769362432,28449269248,30666653696
183,2928,0.1464,1.389589190338378,0.2652927041053772,9.655720310488299e-05,8035,6590,7.361535191070288,1091.4842884601896,31769362432,28449269248,30666653696
184,2944,0.1472,1.0421994429938533,0.28793755173683167,9.650978658116329e-05,5908,5065,5.685853586066514,1039.070020107072,31769362432,28449269248,30666653696
185,2960,0.148,1.439443313510098,0.25782179832458496,9.64620575656554e-05,7017,5946,6.615994473919272,1060.6115267570915,31769362432,28449269248,30666653696
186,2976,0.1488,1.3276923058853474,0.2643027603626251,9.64140163790429e-05,7654,6480,7.177913709077984,1066.3265553499068,31769362432,28449269248,30666653696
187,2992,0.1496,1.4956566159900775,0.2522059679031372,9.636566334410682e-05,8245,6667,7.14171093609184,1154.4852590340085,31769362432,28449269248,30666653696
188,3008,0.1504,1.272056999385303,0.2795127332210541,9.631699878572342e-05,6345,5535,5.9000782812945545,1075.4094602636058,31769362432,28449269248,30666653696
189,3024,0.1512,1.2228604547708872,0.3112901449203491,9.626802303086208e-05,5926,5060,5.4018383719958365,1097.033933988384,31769362432,28449269248,30666653696
190,3040,0.152,1.326369214314363,0.25499969720840454,9.6218736408583e-05,7890,6694,7.27963113039732,1083.8461260837769,31769362432,28449269248,30666653696
191,3056,0.1528,1.5924830050622782,0.2315664142370224,9.616913925003513e-05,8328,7415,7.627639374230057,1091.8187910320075,31769362432,28449269248,30666653696
192,3072,0.1536,1.184924794972251,0.2576269209384918,9.611923188845377e-05,7180,6192,6.7986631081439555,1056.0899820729828,31769362432,28449269248,30666653696
193,3088,0.1544,1.4884269940676307,0.25206732749938965,9.606901465915848e-05,7472,6405,6.47395711299032,1154.1627276163224,31769362432,28449269248,30666653696
194,3104,0.1552,1.5063122222143905,0.26061925292015076,9.601848789955077e-05,7596,6471,7.073008838109672,1073.941822194881,31769362432,28449269248,30666653696
195,3120,0.156,1.5149633487720808,0.22675494849681854,9.596765194911181e-05,8430,7278,7.879938278812915,1069.805333712582,31769362432,28449269248,30666653696
196,3136,0.1568,1.4595876662941936,0.24884895980358124,9.591650714940021e-05,8084,6742,7.381967680063099,1095.100974477702,31769362432,28449269248,30666653696
197,3152,0.1576,1.4418282063766243,0.24465979635715485,9.586505384404967e-05,8010,6874,7.512849160004407,1066.1734089700933,31769362432,28449269248,30666653696
198,3168,0.1584,1.6455416826993605,0.25074848532676697,9.581329237876664e-05,8334,7236,7.638632324989885,1091.0330076675127,31769362432,28449269248,30666653696
199,3184,0.1592,1.1425176066365275,0.2927910387516022,9.576122310132815e-05,6720,5348,5.8131597130559385,1155.9978276370703,31769362432,28449269248,30666653696
200,3200,0.16,1.3381924534876855,0.23618322610855103,9.570884636157929e-05,7921,6925,7.311334408354014,1083.3863639104477,31769362432,28449269248,30666653696
201,3216,0.1608,1.475270823231218,0.2833516299724579,9.565616251143094e-05,6743,5788,6.490557562094182,1038.893798489689,31769362432,28449269248,30666653696
202,3232,0.1616,1.3583347757606845,0.2545122802257538,9.560317190485748e-05,7741,6292,6.651516780257225,1163.794703634596,31769362432,28449269248,30666653696
203,3248,0.1624,1.4874899346995738,0.2534686326980591,9.554987489789425e-05,7230,6143,6.223942480050027,1161.6431262298372,31769362432,28449269248,30666653696
204,3264,0.1632,1.1551564867920128,0.2758329510688782,9.54962718486353e-05,6423,5611,6.029504536185414,1065.2616581433958,31769362432,28449269248,30666653696
205,3280,0.164,1.4174131255929894,0.2594745457172394,9.544236311723092e-05,7272,6119,6.75816297903657,1076.0320552430185,31769362432,28449269248,30666653696
206,3296,0.1648,1.3598505198707012,0.2688239514827728,9.538814906588518e-05,7038,5756,6.181087324861437,1138.6346171962184,31769362432,28449269248,30666653696
207,3312,0.1656,0.9426970225582207,0.31749361753463745,9.533363005885363e-05,6362,4956,5.850006274413317,1087.5202011023534,31769362432,28449269248,30666653696
208,3328,0.1664,1.3401327264835936,0.2597264349460602,9.527880646244071e-05,7805,6311,6.974481421988457,1119.079617216151,31769362432,28449269248,30666653696
209,3344,0.1672,1.310537230744334,0.2548260986804962,9.522367864499736e-05,7739,6329,7.268366210628301,1064.750973703486,31769362432,28449269248,30666653696
210,3360,0.168,1.2133942299890137,0.25874319672584534,9.516824697691851e-05,6934,5988,6.156771395821124,1126.2396399363497,31769362432,28449269248,30666653696
211,3376,0.1688,1.4896010655480862,0.23271499574184418,9.511251183064068e-05,7866,6957,7.071675789076835,1112.3247494108973,31769362432,28449269248,30666653696
212,3392,0.1696,1.0776610254787387,0.28018322587013245,9.505647358063934e-05,6398,5514,5.7805683352053165,1106.8115847769411,31769362432,28449269248,30666653696
213,3408,0.1704,1.3608025323334083,0.255075603723526,9.500013260342651e-05,7551,6665,6.7341632903553545,1121.2974313846112,31769362432,28449269248,30666653696
214,3424,0.1712,1.167250998586506,0.27889102697372437,9.494348927754815e-05,6904,5637,6.498487771023065,1062.4010143998617,31769362432,28449269248,30666653696
215,3440,0.172,1.256394943617053,0.2955513000488281,9.48865439835817e-05,7214,5928,7.123701541218907,1012.6757779307025,31769362432,28449269248,30666653696
216,3456,0.1728,1.5305380753676097,0.2476019710302353,9.482929710413342e-05,7294,6300,6.73419176787138,1083.1292382850527,31769362432,28449269248,30666653696
217,3472,0.1736,1.3378157471655694,0.2646905779838562,9.477174902383592e-05,7181,6043,6.462328086607158,1111.2094439900463,31769362432,28449269248,30666653696
218,3488,0.1744,1.3438117729223444,0.25011008977890015,9.471390012934549e-05,8209,6858,7.95680122403428,1031.696000549056,31769362432,28449269248,30666653696
219,3504,0.1752,1.6800421029152537,0.2490856945514679,9.465575080933958e-05,8360,6744,8.045343081932515,1039.1104412655952,31769362432,28449269248,30666653696
220,3520,0.176,1.3895953995023786,0.23089750111103058,9.459730145451413e-05,7715,6586,7.2274272460490465,1067.4614544501283,31769362432,28449269248,30666653696
221,3536,0.1768,1.5579383527627706,0.2810196280479431,9.453855245758099e-05,6774,5676,6.451760610099882,1049.945961943422,31769362432,28449269248,30666653696
222,3552,0.1776,1.5421394445182255,0.23184734582901,9.44795042132652e-05,8031,6823,7.673455488868058,1046.5949807945892,31769362432,28449269248,30666653696
223,3568,0.1784,1.253198220364144,0.286773681640625,9.442015711830245e-05,6146,5268,5.559007944073528,1105.5929514459979,31769362432,28449269248,30666653696
224,3584,0.1792,1.342034298636453,0.2560596466064453,9.436051157143635e-05,7557,6407,6.667377065867186,1133.4292219180356,31769362432,28449269248,30666653696
225,3600,0.18,1.231543485714751,0.2520475387573242,9.430056797341574e-05,7830,6664,7.089344894979149,1104.4744071550815,31769362432,28449269248,30666653696
226,3616,0.1808,1.487046382020212,0.24881082773208618,9.424032672699205e-05,7599,6637,7.118564776144922,1067.4904617662635,31769362432,28449269248,30666653696
227,3632,0.1816,1.1578499700971523,0.2390480786561966,9.417978823691651e-05,7349,6194,8.108150676824152,906.3719080857658,31769362432,28449269248,30666653696
228,3648,0.1824,1.2719406059699203,0.2575601637363434,9.411895290993754e-05,7305,6143,6.942739808000624,1052.1782757265248,31769362432,28449269248,30666653696
229,3664,0.1832,1.4816669465778094,0.25299304723739624,9.405782115479794e-05,7929,6723,7.71993367606774,1027.08136270398,31769362432,28449269248,30666653696
230,3680,0.184,1.4549807752131863,0.23935405910015106,9.399639338223212e-05,8020,6904,7.313864843919873,1096.5474712958564,31769362432,28449269248,30666653696
231,3696,0.1848,1.5075888558542552,0.2617214322090149,9.393467000496344e-05,7445,6358,7.102197046857327,1048.2671701279198,31769362432,28449269248,30666653696
232,3712,0.1856,1.225761570784239,0.2759798765182495,9.387265143770139e-05,6621,5380,6.052821034099907,1093.8701082849025,31769362432,28449269248,30666653696
233,3728,0.1864,1.5425005909737584,0.25501158833503723,9.381033809713873e-05,7769,6581,6.887635170016438,1127.9633441998146,31769362432,28449269248,30666653696
234,3744,0.1872,1.4181276004984182,0.2612243592739105,9.374773040194878e-05,6992,6105,6.755446516908705,1035.016705779434,31769362432,28449269248,30666653696
235,3760,0.188,1.233797841979591,0.34041228890419006,9.368482877278264e-05,6177,5278,6.0142788253724575,1027.055808244385,31769362432,28449269248,30666653696
236,3776,0.1888,1.417169666404412,0.2549254596233368,9.362163363226622e-05,7920,6476,7.650947961956263,1035.1658434198714,31769362432,28449269248,30666653696
237,3792,0.1896,1.6873410652193706,0.23363830149173737,9.355814540499752e-05,8459,7327,7.523573385085911,1124.332756130006,31769362432,28449269248,30666653696
238,3808,0.1904,1.4310183644892416,0.24999171495437622,9.349436451754378e-05,7456,6582,7.105712722055614,1049.2965718775993,31769362432,28449269248,30666653696
239,3824,0.1912,1.2307365216052868,0.28229573369026184,9.343029139843849e-05,6686,5746,6.403657291084528,1044.0908524740328,31769362432,28449269248,30666653696
240,3840,0.192,1.4017935637302394,0.27719008922576904,9.33659264781787e-05,7070,5661,6.063478076364845,1165.9974540946278,31769362432,28449269248,30666653696
241,3856,0.1928,1.3274448992933436,0.2836189270019531,9.330127018922194e-05,6649,5589,6.019832090009004,1104.5158570178749,31769362432,28449269248,30666653696
242,3872,0.1936,1.4753552118974174,0.24650956690311432,9.323632296598344e-05,7463,6444,6.957946042064577,1072.5866448061104,31769362432,28449269248,30666653696
243,3888,0.1944,1.2623225579402229,0.27694055438041687,9.317108524483318e-05,6783,5568,6.231910129077733,1088.4303302691922,31769362432,28449269248,30666653696
244,3904,0.1952,1.4584804398876443,0.25885891914367676,9.310555746409292e-05,7285,6192,7.058413066435605,1032.1016822664953,31769362432,28449269248,30666653696
245,3920,0.196,1.4516019091601804,0.24230749905109406,9.30397400640333e-05,7555,6598,7.507902283221483,1006.2730860101589,31769362432,28449269248,30666653696
246,3936,0.1968,1.4884668361935254,0.2573605477809906,9.297363348687088e-05,7439,6268,6.846217097714543,1086.5854666635307,31769362432,28449269248,30666653696
247,3952,0.1976,1.4006938932583628,0.24707001447677612,9.29072381767651e-05,7401,6157,6.5338469366542995,1132.7170764409937,31769362432,28449269248,30666653696
248,3968,0.1984,1.3188477585984704,0.2521524429321289,9.28405545798154e-05,7239,6144,7.017265554983169,1031.5984115578142,31769362432,28449269248,30666653696
249,3984,0.1992,1.4289797835759988,0.23043736815452576,9.27735831440582e-05,8294,7293,7.935013175942004,1045.24086048734,31769362432,28449269248,30666653696
250,4000,0.2,1.6117982832765287,0.26994195580482483,9.270632431946377e-05,7902,6693,7.487799842376262,1055.3166706299526,31769362432,28449269248,30666653696
251,4016,0.2008,1.7753065579132676,0.2549869120121002,9.263877855793339e-05,8259,7025,7.4462260929867625,1109.1524615105025,31769362432,28449269248,30666653696
252,4032,0.2016,1.2647806855520887,0.275086909532547,9.257094631329617e-05,6624,5743,6.284925385843962,1053.9504597651649,31769362432,28449269248,30666653696
253,4048,0.2024,1.1614874369236565,0.2692704200744629,9.250282804130607e-05,6679,5590,6.357146953232586,1050.6285365330043,31769362432,28449269248,30666653696
254,4064,0.2032,1.0654148209762504,0.27430716156959534,9.243442419963884e-05,6549,5572,5.921382028143853,1105.9918054388536,31769362432,28449269248,30666653696
255,4080,0.204,1.3194266819736913,0.2693784832954407,9.236573524788887e-05,6953,5823,6.075738980900496,1144.3875422985145,31769362432,28449269248,30666653696
256,4096,0.2048,1.5024962103081714,0.24291296303272247,9.229676164756625e-05,7955,6522,7.158977677114308,1111.1921783791004,31769362432,28449269248,30666653696
257,4112,0.2056,1.5291030398950114,0.24508729577064514,9.222750386209348e-05,7804,6853,7.353924827650189,1061.2020360417016,31769362432,28449269248,30666653696
258,4128,0.2064,1.3752854150931713,0.27357640862464905,9.215796235680252e-05,7179,5915,6.56899679871276,1092.8609375189183,31769362432,28449269248,30666653696
259,4144,0.2072,1.511814370601728,0.2474597692489624,9.208813759893157e-05,8141,6970,7.39157490292564,1101.3890959527084,31769362432,28449269248,30666653696
260,4160,0.208,1.2594467671634864,0.25256091356277466,9.2018030057622e-05,7216,6368,6.574336241930723,1097.6012991207817,31769362432,28449269248,30666653696
261,4176,0.2088,1.1236927151204332,0.297502338886261,9.194764020391506e-05,6813,5263,6.369252048898488,1069.6703392635018,31769362432,28449269248,30666653696
262,4192,0.2096,1.5594919881860063,0.2539817988872528,9.187696851074893e-05,7711,6538,7.286840904969722,1058.2089139260604,31769362432,28449269248,30666653696
263,4208,0.2104,1.02263562477852,0.29812002182006836,9.180601545295536e-05,5790,4829,5.025676241144538,1152.0837638919209,31769362432,28449269248,30666653696
264,4224,0.2112,1.4004340817462186,0.2611196041107178,9.173478150725652e-05,7481,6501,6.840367284137756,1093.6547248490324,31769362432,28449269248,30666653696
265,4240,0.212,1.43370581941531,0.2443603128194809,9.166326715226188e-05,8114,6866,7.63202407117933,1063.15178310833,31769362432,28449269248,30666653696
266,4256,0.2128,1.306360070131443,0.2689049541950226,9.159147286846492e-05,6635,5670,6.013391813263297,1103.3706443950098,31769362432,28449269248,30666653696
267,4272,0.2136,1.3754874622281807,0.2642972767353058,9.151939913823988e-05,7132,5828,7.0094339130446315,1017.4858752469685,31769362432,28449269248,30666653696
268,4288,0.2144,1.276668619335123,0.2864230275154114,9.14470464458386e-05,6583,5326,5.773759264033288,1140.1583784429233,31769362432,28449269248,30666653696
269,4304,0.2152,1.411563096199769,0.2545313537120819,9.137441527738718e-05,6814,5878,6.206352150067687,1097.90740764294,31769362432,28449269248,30666653696
270,4320,0.216,1.3711289363928567,0.2585356831550598,9.130150612088279e-05,7170,5893,7.059761399868876,1015.615060323876,31769362432,28449269248,30666653696
271,4336,0.2168,1.5027125236035952,0.2362636774778366,9.122831946619037e-05,8056,7039,7.253663748968393,1110.6111723397316,31769362432,28449269248,30666653696
272,4352,0.2176,1.1701993353501723,0.2789698839187622,9.115485580503926e-05,6648,5480,5.900812010746449,1126.6246048667176,31769362432,28449269248,30666653696
273,4368,0.2184,1.3182772734199961,0.24590834975242615,9.108111563102004e-05,7337,6377,6.975194062571973,1051.8703758178476,31769362432,28449269248,30666653696
274,4384,0.2192,1.3209991548314441,0.295296311378479,9.100709943958107e-05,6622,5370,6.672513558063656,992.4296057813759,31769362432,28449269248,30666653696
275,4400,0.22,1.2773073706182423,0.29398953914642334,9.093280772802527e-05,6480,5053,5.561662243679166,1165.1192963694489,31769362432,28449269248,30666653696
276,4416,0.2208,1.251519189155291,0.2630123496055603,9.085824099550673e-05,7261,6300,6.705175417941064,1082.8948606731026,31769362432,28449269248,30666653696
277,4432,0.2216,1.1479807783665477,0.2627684772014618,9.078339974302734e-05,7355,6087,6.696182043291628,1098.3871036433948,31769362432,28449269248,30666653696
278,4448,0.2224,1.4042302030754177,0.24527117609977722,9.070828447343344e-05,7766,6582,6.88426198810339,1128.0802522362355,31769362432,28449269248,30666653696
279,4464,0.2232,0.9274470330924509,0.29531481862068176,9.063289569141251e-05,6263,5016,5.94436340034008,1053.6031494376152,31769362432,28449269248,30666653696
280,4480,0.224,1.4872460226539659,0.2573476731777191,9.055723390348964e-05,7470,6422,6.703281580936164,1114.3795631746023,31769362432,28449269248,30666653696
281,4496,0.2248,1.460819953927657,0.25937339663505554,9.048129961802426e-05,7392,6427,6.702421566937119,1102.8849686902051,31769362432,28449269248,30666653696
282,4512,0.2256,1.3829321553031233,0.25230610370635986,9.040509334520662e-05,7461,6420,7.095667934976518,1051.4866349963559,31769362432,28449269248,30666653696
283,4528,0.2264,1.2115356233171237,0.2715694010257721,9.032861559705442e-05,6776,5766,6.413924632128328,1056.4514534608002,31769362432,28449269248,30666653696
284,4544,0.2272,1.4457873212298071,0.2540455460548401,9.025186688740939e-05,7437,6314,7.11550982715562,1045.1816075943632,31769362432,28449269248,30666653696
285,4560,0.228,1.5186809657929563,0.26308178901672363,9.017484773193378e-05,7447,6212,6.583417577203363,1131.1753982896353,31769362432,28449269248,30666653696
286,4576,0.2288,1.3493470071329527,0.2643326222896576,9.009755864810696e-05,7039,5890,6.91434088582173,1018.0290668679485,31769362432,28449269248,30666653696
287,4592,0.2296,1.4237531356474737,0.25958749651908875,9.00200001552218e-05,7307,6343,7.464737872593105,978.8689334729031,31769362432,28449269248,30666653696
288,4608,0.2304,1.2334498785811363,0.272204726934433,8.994217277438144e-05,6453,5560,5.928357767872512,1088.4970598385064,31769362432,28449269248,30666653696
289,4624,0.2312,1.3893387383773714,0.2668094336986542,8.986407702849551e-05,7108,5959,6.356424971949309,1118.2386374994383,31769362432,28449269248,30666653696
290,4640,0.232,1.4381542897474922,0.2595439553260803,8.978571344227681e-05,7386,6377,6.959167449269444,1061.3338526256275,31769362432,28449269248,30666653696
291,4656,0.2328,1.5138956922713227,0.23208646476268768,8.970708254223768e-05,8058,7002,7.64169097924605,1054.478651634121,31769362432,28449269248,30666653696
292,4672,0.2336,1.492578068008559,0.2506462335586548,8.962818485668652e-05,7109,6163,6.555317519698292,1084.4631062702804,31769362432,28449269248,30666653696
293,4688,0.2344,1.3731944177312465,0.2620490491390228,8.95490209157242e-05,7059,6147,6.175434600561857,1143.077444194414,31769362432,28449269248,30666653696
294,4704,0.2352,1.3048084518676333,0.2630472183227539,8.946959125124052e-05,7159,6167,6.561024405062199,1091.1405838509654,31769362432,28449269248,30666653696
295,4720,0.236,1.5315558006614558,0.25416505336761475,8.938989639691067e-05,7591,6677,7.172311711125076,1058.375640342777,31769362432,28449269248,30666653696
296,4736,0.2368,1.591179583764968,0.24809636175632477,8.930993688819156e-05,8149,6898,7.734078913927078,1053.6484164036335,31769362432,28449269248,30666653696
297,4752,0.2376,1.5368134479153648,0.24037110805511475,8.92297132623183e-05,8716,7468,8.193705631885678,1063.7433649168238,31769362432,28449269248,30666653696
298,4768,0.2384,1.1069861568695087,0.2839967906475067,8.914922605830055e-05,7379,5773,6.967184940353036,1059.1078122904107,31769362432,28449269248,30666653696
299,4784,0.2392,1.4223255962016315,0.2521248757839203,8.90684758169189e-05,7261,6363,6.562559943180531,1106.4279889047339,31769362432,28449269248,30666653696
300,4800,0.24,1.497747306174344,0.24911367893218994,8.898746308072128e-05,7983,6917,7.687326941639185,1038.4624018993225,31769362432,28449269248,30666653696
301,4816,0.2408,1.3162583467824263,0.2609967291355133,8.890618839401924e-05,7873,7095,7.52403112873435,1046.3805725009477,31769362432,28449269248,30666653696
302,4832,0.2416,1.371887825420553,0.2838784456253052,8.882465230288433e-05,7451,5869,6.756538060028106,1102.7836939275683,31769362432,28449269248,30666653696
303,4848,0.2424,1.4141782408313908,0.2713164687156677,8.87428553551445e-05,6815,5757,6.0777074447833,1121.3109650168408,31769362432,28449269248,30666653696
304,4864,0.2432,1.320277598905571,0.2717078924179077,8.866079810038027e-05,7427,6169,7.3363902061246336,1012.350732625934,31769362432,28449269248,30666653696
305,4880,0.244,1.626736063498456,0.2513599991798401,8.857848108992117e-05,7816,6673,7.012010451871902,1114.658920383307,31769362432,28449269248,30666653696
306,4896,0.2448,1.2593595551370427,0.2736373543739319,8.849590487684198e-05,7000,5816,6.290279034059495,1112.828216697166,31769362432,28449269248,30666653696
307,4912,0.2456,1.3733663458666094,0.28011250495910645,8.841307001595904e-05,7412,5943,7.232017105910927,1024.8869563571645,34486550528,28449269248,30666653696
308,4928,0.2464,1.1682730521338138,0.25721800327301025,8.832997706382643e-05,8001,6491,7.441306622233242,1075.2143952910767,36759863296,28449269248,30666653696
309,4944,0.2472,1.2093857875625953,0.2870531976222992,8.824662657873239e-05,6252,5471,5.968083298299462,1047.572509884612,36759863296,28449269248,30666653696
310,4960,0.248,1.4161159174157003,0.2665923535823822,8.816301912069543e-05,7049,5850,6.876544126309454,1025.078858002341,36789223424,28449269248,30666653696
311,4976,0.2488,1.1242635568368782,0.27021414041519165,8.807915525146065e-05,6587,5562,5.8542048572562635,1125.1741544089357,36789223424,28449269248,30666653696
312,4992,0.2496,1.4065935183337968,0.26897916197776794,8.79950355344959e-05,7281,6065,6.579086801037192,1106.6885451111773,36789223424,28449269248,30666653696
313,5008,0.2504,1.375513303757558,0.25755593180656433,8.791066053498808e-05,7111,6214,7.162219041027129,992.8487189886637,36789223424,28449269248,30666653696
314,5024,0.2512,1.1731890690158016,0.24047671258449554,8.782603081983923e-05,8117,6502,7.695454441942275,1054.7785138925897,36789223424,28449269248,30666653696
315,5040,0.252,1.369851630608419,0.2697736322879791,8.774114695766286e-05,6970,5797,6.4539197050035,1079.9638543064614,36789223424,28449269248,30666653696
316,5056,0.2528,1.3996961914071249,0.2522989809513092,8.765600951877997e-05,7448,6540,6.681631035171449,1114.6978875059788,36789223424,28449269248,30666653696
317,5072,0.2536,1.5130473652324388,0.2593103349208832,8.757061907521537e-05,7464,6352,6.853859466034919,1089.0214538230177,36789223424,28449269248,30666653696
318,5088,0.2544,1.2815329823747577,0.262472540140152,8.748497620069372e-05,7512,6054,7.116327211726457,1055.600701949391,36789223424,28449269248,30666653696
319,5104,0.2552,1.3657387438766415,0.2518198490142822,8.739908147063576e-05,7828,6694,7.32166363671422,1069.1559170714665,36789223424,28449269248,30666653696
320,5120,0.256,1.4508581491002144,0.22820627689361572,8.731293546215437e-05,8629,7337,7.949087788816541,1085.5333629778272,36789223424,28449269248,30666653696
321,5136,0.2568,1.2118445163761387,0.26657193899154663,8.722653875405075e-05,7275,5819,6.765426677186042,1075.3202047894938,36789223424,28449269248,30666653696
322,5152,0.2576,1.4248164380263604,0.242874413728714,8.713989192681056e-05,7926,6739,7.808731722645462,1015.0175830749132,36789223424,28449269248,30666653696
323,5168,0.2584,1.4317837218020826,0.24880357086658478,8.705299556259985e-05,7931,6533,7.14518361678347,1109.9784729633413,36789223424,28449269248,30666653696
324,5184,0.2592,1.5598963075879835,0.23955032229423523,8.696585024526135e-05,7528,6624,6.5844007190316916,1143.3083011246429,36789223424,28449269248,30666653696
325,5200,0.26,1.2877771942936576,0.2956866919994354,8.68784565603105e-05,6327,5406,6.057503732852638,1044.489657626748,36789223424,28449269248,30666653696
326,5216,0.2608,1.3927922323721513,0.2687463164329529,8.679081509493141e-05,7185,6153,6.9464410790242255,1034.3426105917947,36789223424,28449269248,30666653696
327,5232,0.2616,1.5060260571005257,0.23024126887321472,8.670292643797302e-05,8371,7058,7.884425585158169,1061.713362576187,36789223424,28449269248,30666653696
328,5248,0.2624,1.4064816393927029,0.26918017864227295,8.661479117994508e-05,7227,5929,6.857522086240351,1053.8792160073401,36789223424,28449269248,30666653696
329,5264,0.2632,1.4556495806445247,0.25614413619041443,8.652640991301425e-05,7408,6348,6.699717398267239,1105.7182802838736,36789223424,28449269248,30666653696
330,5280,0.264,1.1480440637052902,0.29438191652297974,8.643778323100009e-05,5969,5096,5.589758018031716,1067.8458675214395,36789223424,28449269248,30666653696
331,5296,0.2648,1.5281739277493633,0.2250271886587143,8.634891172937102e-05,8949,7841,7.9787599397823215,1121.6028640465838,36789223424,28449269248,30666653696
332,5312,0.2656,1.4920527199913352,0.25211089849472046,8.625979600524042e-05,7345,6459,6.454139086883515,1138.0293949547734,36789223424,28449269248,30666653696
333,5328,0.2664,1.4505206131748856,0.2511143088340759,8.617043665736249e-05,7490,6400,6.780472735874355,1104.6427427355698,36789223424,28449269248,30666653696
334,5344,0.2672,1.2742049572472858,0.30290091037750244,8.608083428612837e-05,7186,5662,6.631496184039861,1083.6166983394596,36789223424,28449269248,30666653696
335,5360,0.268,1.466991702025257,0.2600274682044983,8.599098949356202e-05,7799,6735,6.966195345856249,1119.5494258769436,36789223424,28449269248,30666653696
336,5376,0.2688,1.3819171196567188,0.27071690559387207,8.590090288331614e-05,7922,6239,7.728911968879402,1024.9825631211831,36789223424,28449269248,30666653696
337,5392,0.2696,1.3271054475410367,0.2888495922088623,8.581057506066821e-05,7178,5746,6.432629108894616,1115.873444354927,36789223424,28449269248,30666653696
338,5408,0.2704,1.3436161764892824,0.2428576648235321,8.572000663251637e-05,8681,7115,8.411418651696295,1032.0494508080799,36789223424,28449269248,30666653696
339,5424,0.2712,1.102293277003394,0.2671819031238556,8.562919820737536e-05,6638,5614,6.094786962028593,1089.1274857276724,36789223424,28449269248,30666653696
340,5440,0.272,1.2623599742389537,0.2523910105228424,8.553815039537239e-05,7584,6315,7.146205865778029,1061.262457651618,36789223424,28449269248,30666653696
341,5456,0.2728,1.3019190551544413,0.25126415491104126,8.544686380824308e-05,7675,6404,6.928777562920004,1107.6990032229457,36789223424,28449269248,30666653696
342,5472,0.2736,1.3369619921744587,0.2579379379749298,8.535533905932738e-05,7406,6245,6.910251721274108,1071.7409869744204,36789223424,28449269248,30666653696
343,5488,0.2744,1.09529853352835,0.29211780428886414,8.526357676356537e-05,6812,5375,6.387651807162911,1066.4325804924492,36789223424,28449269248,30666653696
344,5504,0.2752,1.460474084516661,0.26226872205734253,8.517157753749317e-05,7767,6740,7.12739917403087,1089.7383197365396,36789223424,28449269248,30666653696
345,5520,0.276,1.2274140402227436,0.27170130610466003,8.507934199923884e-05,7256,5864,6.645435503218323,1091.8772737296129,36789223424,28449269248,30666653696
346,5536,0.2768,1.648322508466484,0.24961668252944946,8.498687076851813e-05,7694,6842,7.416311450768262,1037.4429460082845,36789223424,28449269248,30666653696
347,5552,0.2776,1.577576120725878,0.22867469489574432,8.489416446663037e-05,8578,7593,8.098772497847676,1059.1728564149298,36789223424,28449269248,30666653696
348,5568,0.2784,1.3747174295239342,0.28139427304267883,8.480122371645434e-05,6640,5443,6.0760725028812885,1092.8111863134116,36797612032,28449269248,30666653696
349,5584,0.2792,1.3594385076547117,0.26729828119277954,8.470804914244404e-05,7072,6046,7.152900458779186,988.6898385843058,36797612032,28449269248,30666653696
350,5600,0.28,1.3412164534367144,0.24652084708213806,8.461464137062443e-05,7785,6645,7.070374647155404,1101.0731946336264,36797612032,28449269248,30666653696
351,5616,0.2808,1.416151003231783,0.25051170587539673,8.452100102858734e-05,7720,6415,7.143103636801243,1080.7627037953907,36797612032,28449269248,30666653696
352,5632,0.2816,1.2879528239315892,0.2676653563976288,8.442712874548722e-05,7578,5849,6.773335198871791,1118.7989044543726,36826972160,28449269248,30666653696
353,5648,0.2824,1.3126584674630846,0.27157890796661377,8.433302515203685e-05,7451,6104,7.232754869852215,1030.1745509249154,36826972160,28449269248,30666653696
354,5664,0.2832,1.090178501210272,0.3329022526741028,8.423869088050316e-05,5634,4820,4.834929645061493,1165.2703169641145,36826972160,28449269248,30666653696
355,5680,0.284,1.6119033170784463,0.24568356573581696,8.414412656470296e-05,8327,7097,7.523855934850872,1106.746337530059,36826972160,28449269248,30666653696
356,5696,0.2848,1.3298955503280163,0.2742721736431122,8.404933283999875e-05,7213,5839,7.25717863580212,993.9124227169809,36826972160,28449269248,30666653696
357,5712,0.2856,1.2936500496715664,0.2857584059238434,8.39543103432943e-05,6629,5421,6.2512788898311555,1060.4230137265636,36826972160,28449269248,30666653696
358,5728,0.2864,1.4160571270107705,0.2541789710521698,8.385905971303054e-05,7718,6669,7.535679376218468,1024.1943180805847,36826972160,28449269248,30666653696
359,5744,0.2872,1.356093192340203,0.2476591020822525,8.376358158918114e-05,8054,6814,7.2485077870078385,1111.1252462797818,36826972160,28449269248,30666653696
360,5760,0.288,1.598451082357612,0.2536572813987732,8.366787661324828e-05,8119,7067,7.69748230278492,1054.7604633092274,36826972160,28449269248,30666653696
361,5776,0.2888,1.3792844679972294,0.258938193321228,8.357194542825835e-05,7203,6213,6.403402018360794,1124.8708076342043,36826972160,28449269248,30666653696
362,5792,0.2896,1.3529358579444855,0.2696288526058197,8.347578867875757e-05,7391,6014,6.984147733077407,1058.2536742451355,36826972160,28449269248,30666653696
363,5808,0.2904,1.2744752597321134,0.2735997140407562,8.337940701080768e-05,6552,5573,6.152518751099706,1064.9297084757184,36826972160,28449269248,30666653696
364,5824,0.2912,1.2773740725233276,0.2582998275756836,8.328280107198165e-05,7337,6162,7.015290490351617,1045.8583304698275,36826972160,28449269248,30666653696
365,5840,0.292,1.2588190394303715,0.28141695261001587,8.31859715113593e-05,6276,5371,5.718064139131457,1097.5742571774108,36826972160,28449269248,30666653696
366,5856,0.2928,1.5309826918508185,0.2696043848991394,8.308891897952282e-05,7741,6100,6.893058781977743,1123.0137802160114,36826972160,28449269248,30666653696
367,5872,0.2936,1.5329976866373023,0.23094673454761505,8.299164412855267e-05,8550,7185,7.759414410684258,1101.8872749246582,36826972160,28449269248,30666653696
368,5888,0.2944,1.3180134920817497,0.2704027593135834,8.289414761202292e-05,6899,5802,6.286663008388132,1097.4025473919698,36826972160,28449269248,30666653696
369,5904,0.2952,1.408587008714676,0.25721198320388794,8.2796430084997e-05,7126,5928,6.595366718247533,1080.455462815184,36826972160,28449269248,30666653696
370,5920,0.296,1.4594418121171555,0.2567541301250458,8.269849220402331e-05,7321,6238,6.397234339732677,1144.4007849657614,36826972160,28449269248,30666653696
371,5936,0.2968,1.0597272355189589,0.29603812098503113,8.260033462713072e-05,6895,5439,6.051278030034155,1139.428723284275,36826972160,28449269248,30666653696
372,5952,0.2976,1.110616128576805,0.29433563351631165,8.250195801382425e-05,6295,5359,5.479765448719263,1148.7717966963849,36826972160,28449269248,30666653696
373,5968,0.2984,1.5009932878225867,0.23704573512077332,8.240336302508055e-05,8205,6943,7.805031338706613,1051.2449782629146,36826972160,28449269248,30666653696
374,5984,0.2992,1.2838661694817115,0.28348666429519653,8.230455032334355e-05,6757,5582,5.907794581260532,1143.743220428337,36826972160,28449269248,30666653696
375,6000,0.3,1.3713065821497845,0.25266391038894653,8.22055205725199e-05,7393,6430,6.78243954712525,1090.020773297351,36826972160,28449269248,30666653696
376,6016,0.3008,1.2383359214085143,0.24423076212406158,8.210627443797459e-05,7648,6606,7.196745519991964,1062.702575595384,36826972160,28449269248,30666653696
377,6032,0.3016,1.4609753552630658,0.2659219801425934,8.200681258652648e-05,6934,6042,6.476892291102558,1070.5751598687816,36826972160,28449269248,30666653696
378,6048,0.3024,1.0856880661305437,0.275590181350708,8.190713568644377e-05,6304,5317,6.34799610869959,993.0692917975649,36826972160,28449269248,30666653696
379,6064,0.3032,1.3536420449147362,0.23717565834522247,8.180724440743957e-05,8308,6826,7.5611946899443865,1098.7681630587806,36826972160,28449269248,30666653696
380,6080,0.304,1.1439228824702095,0.27809077501296997,8.17071394206673e-05,6397,5329,5.875721922144294,1088.7172818528263,36826972160,28449269248,30666653696
381,6096,0.3048,1.2614762047439252,0.2931365370750427,8.160682139871633e-05,6369,5300,5.916941253002733,1076.400749587949,36826972160,28449269248,30666653696
382,6112,0.3056,1.4654214221536321,0.24703584611415863,8.150629101560731e-05,7341,6397,6.8207460809499025,1076.2752216364054,36826972160,28449269248,30666653696
383,6128,0.3064,1.460447617936783,0.26286470890045166,8.14055489467878e-05,7087,6176,6.214743806049228,1140.352719463954,36826972160,28449269248,30666653696
384,6144,0.3072,1.50477671817474,0.25077182054519653,8.130459586912754e-05,7651,6536,7.073419098276645,1081.6551223246586,36826972160,28449269248,30666653696
385,6160,0.308,1.3914033096457743,0.24085940420627594,8.120343246091402e-05,7534,6399,6.69414289528504,1125.461484442841,36826972160,28449269248,30666653696
386,6176,0.3088,1.4406023460470363,0.2385014146566391,8.110205940184801e-05,7626,6638,7.53103656694293,1012.6096098741449,36826972160,28449269248,30666653696
387,6192,0.3096,1.4416678251872153,0.2578514814376831,8.100047737303877e-05,7665,6440,7.007440130226314,1093.8373867708592,36826972160,28449269248,30666653696
388,6208,0.3104,1.3580877883838889,0.25750526785850525,8.089868705699963e-05,7574,6376,6.732943600974977,1124.9165964947683,36826972160,28449269248,30666653696
389,6224,0.3112,1.4610207276444902,0.27547961473464966,8.079668913764342e-05,7074,6067,6.770906106103212,1044.7641555128912,36826972160,28449269248,30666653696
390,6240,0.312,1.5305783631622636,0.2704051434993744,8.069448430027778e-05,7818,6541,7.082055180799216,1103.916843403885,36826972160,28449269248,30666653696
391,6256,0.3128,1.432201994685,0.24292072653770447,8.059207323160056e-05,8517,6940,8.08994102384895,1052.788886209688,36826972160,28449269248,30666653696
392,6272,0.3136,1.479997147326923,0.26489630341529846,8.048945661969531e-05,7867,6392,7.372571695130318,1067.063207428184,36826972160,28449269248,30666653696
393,6288,0.3144,1.266921059340625,0.29670652747154236,8.03866351540266e-05,6755,5398,5.842992797028273,1156.0856284874371,36826972160,28449269248,30666653696
394,6304,0.3152,1.3477071420228037,0.24516262114048004,8.028360952543528e-05,8362,7007,7.612404660787433,1098.4702433219081,36826972160,28449269248,30666653696
395,6320,0.316,0.922773678064305,0.28056901693344116,8.018038042613407e-05,7090,5769,6.699956770054996,1058.215783076135,36826972160,28449269248,30666653696
396,6336,0.3168,1.2349842873288364,0.27406343817710876,8.007694854970269e-05,7202,5740,6.356611632741988,1132.9935531854014,36826972160,28449269248,30666653696
397,6352,0.3176,1.2540388446810298,0.2650572657585144,7.99733145910833e-05,7483,6264,6.7259449060074985,1112.5574331297767,36826972160,28449269248,30666653696
398,6368,0.3184,1.2707462550318247,0.26956966519355774,7.986947924657585e-05,6994,6129,6.4016555971466005,1092.5298766646279,36826972160,28449269248,30666653696
399,6384,0.3192,1.5328211641097667,0.23635530471801758,7.97654432138333e-05,8483,7131,7.972495468799025,1064.0332168514706,36826972160,28449269248,30666653696
400,6400,0.32,1.314875308932634,0.25770410895347595,7.96612071918571e-05,7727,6265,7.601002078969032,1016.5764881685255,36826972160,28449269248,30666653696
401,6416,0.3208,1.5490173280827164,0.2531675696372986,7.955677188099235e-05,7732,6791,6.843387462198734,1129.849806504418,36826972160,28449269248,30666653696
402,6432,0.3216,1.396492260018107,0.25373226404190063,7.945213798292309e-05,7713,6565,6.705525458790362,1150.2454278044574,36826972160,28449269248,30666653696
403,6448,0.3224,1.0284781220224668,0.30686676502227783,7.93473062006677e-05,6936,5309,6.596843712963164,1051.411902690733,36826972160,28449269248,30666653696
404,6464,0.3232,1.2813793137220515,0.27201274037361145,7.924227723857411e-05,6933,5774,6.305864612106234,1099.452720042509,36826972160,28449269248,30666653696
405,6480,0.324,1.282828518400426,0.28995388746261597,7.913705180231505e-05,6533,5466,5.928028555121273,1102.0527211118251,36826972160,28449269248,30666653696
406,6496,0.3248,1.4218811532174653,0.24888139963150024,7.903163059888331e-05,7515,6474,6.880187424831092,1092.266756117402,36826972160,28449269248,30666653696
407,6512,0.3256,1.367073350931516,0.26659080386161804,7.892601433658704e-05,7092,5841,6.313312827143818,1123.3405019165612,36826972160,28449269248,30666653696
408,6528,0.3264,1.4190026875140844,0.24915863573551178,7.882020372504494e-05,7952,6747,7.635677712038159,1041.4268778609053,36826972160,28449269248,30666653696
409,6544,0.3272,1.4799744166466264,0.23988023400306702,7.871419947518152e-05,8303,7117,7.3206256362609565,1134.1926786794136,36826972160,28449269248,30666653696
410,6560,0.328,1.3007551230399637,0.2765522301197052,7.860800229922234e-05,7308,6252,6.565429745242,1113.1030691930173,36826972160,28449269248,30666653696
411,6576,0.3288,1.3775404682483405,0.2717388868331909,7.850161291068913e-05,7634,6211,7.15904374467209,1066.3435330565458,36835360768,28449269248,30666653696
412,6592,0.3296,1.2088425976324562,0.2886800169944763,7.839503202439516e-05,6737,5366,6.496551904827356,1037.0116484398402,36835360768,28449269248,30666653696
413,6608,0.3304,1.3849407445311275,0.2655544579029083,7.828826035644024e-05,7269,6154,6.831445194780827,1064.0501083948477,36835360768,28449269248,30666653696
414,6624,0.3312,1.3455858213861056,0.26236414909362793,7.818129862420611e-05,7518,6128,6.979956530034542,1077.0840717489104,36835360768,28449269248,30666653696
415,6640,0.332,1.601843981614979,0.23818646371364594,7.807414754635145e-05,8482,7383,8.111235606018454,1045.7099771219125,36835360768,28449269248,30666653696
416,6656,0.3328,1.3113037572799648,0.2662088871002197,7.796680784280714e-05,6970,6106,6.680036437697709,1043.4074821307754,36864720896,28449269248,30666653696
417,6672,0.3336,1.4296681214845097,0.24579903483390808,7.785928023477142e-05,8111,6602,7.236296770628542,1120.87719134486,36864720896,28449269248,30666653696
418,6688,0.3344,1.6346823661052368,0.24982072412967682,7.775156544470505e-05,8334,6988,7.744689025450498,1076.09227079524,36864720896,28449269248,30666653696
419,6704,0.3352,1.6581454093811712,0.24622052907943726,7.764366419632636e-05,8000,6929,7.069987300783396,1131.5437580932505,36864720896,28449269248,30666653696
420,6720,0.336,1.376308834461975,0.287110835313797,7.753557721460655e-05,6584,5646,6.287965454161167,1047.0795439314838,36864720896,28449269248,30666653696
421,6736,0.3368,1.2296262722579598,0.29318612813949585,7.74273052257647e-05,6456,5468,5.798714402131736,1113.350227703339,36864720896,28449269248,30666653696
422,6752,0.3376,1.4548003438244392,0.23693448305130005,7.731884895726287e-05,7694,6824,7.6011284328997135,1012.2181289160059,36873109504,28449269248,30666653696
423,6768,0.3384,1.4101292573743396,0.275215208530426,7.721020913780137e-05,6571,5616,6.408161450177431,1025.4111184758087,36873109504,28449269248,30666653696
424,6784,0.3392,1.5322127507587597,0.24495911598205566,7.710138649731368e-05,8095,7108,7.419794958084822,1091.0004987643838,36873109504,28449269248,30666653696
425,6800,0.34,1.4071466305720213,0.26034122705459595,7.699238176696161e-05,6736,5792,6.3329658675938845,1063.6406607634603,36873109504,28449269248,30666653696
426,6816,0.3408,1.369709240965642,0.2833697497844696,7.688319567913053e-05,7311,6233,6.531161488965154,1119.4027298746842,36873109504,28449269248,30666653696
427,6832,0.3416,1.4026807579603064,0.24762623012065887,7.677382896742417e-05,8927,7083,8.250580283813179,1081.9845020493758,36873109504,28449269248,30666653696
428,6848,0.3424,1.4931617578831229,0.25943565368652344,7.666428236665989e-05,8077,6619,7.145005350001156,1130.4400212938529,36873109504,28449269248,30666653696
429,6864,0.3432,0.9398918391906395,0.31209826469421387,7.655455661286376e-05,6103,4966,5.8442165879532695,1044.2802569261657,36873109504,28449269248,30666653696
430,6880,0.344,1.4136035172848846,0.24810874462127686,7.644465244326547e-05,8284,7064,7.893643016926944,1049.4520694989606,36873109504,28449269248,30666653696
431,6896,0.3448,1.0640313163417345,0.302682489156723,7.63345705962935e-05,6208,5066,5.484039284288883,1132.0123139498978,36873109504,28449269248,30666653696
432,6912,0.3456,1.2192662611506344,0.26968511939048767,7.62243118115701e-05,7136,5967,6.378183737862855,1118.813802374258,36873109504,28449269248,30666653696
433,6928,0.3464,1.363006879640762,0.2772690951824188,7.611387682990637e-05,7409,6441,7.584667786955833,976.8390927737207,36873109504,28449269248,30666653696
434,6944,0.3472,1.1437219864889687,0.2779800295829773,7.600326639329716e-05,6593,5712,6.209972278214991,1061.6794575925398,36873109504,28449269248,30666653696
435,6960,0.348,1.529273775331915,0.26223817467689514,7.589248124491627e-05,7876,6546,7.257910348009318,1085.1608276148258,36873109504,28449269248,30666653696
436,6976,0.3488,1.4127362272729278,0.2635507583618164,7.578152212911133e-05,7722,6353,7.326993111986667,1053.9111859361676,36873109504,28449269248,30666653696
437,6992,0.3496,1.3886068164666445,0.24527280032634735,7.567038979139882e-05,7552,6562,7.010747313965112,1077.2032797354907,36873109504,28449269248,30666653696
438,7008,0.3504,1.4754378580843341,0.24302923679351807,7.555908497845904e-05,7755,6788,7.330543677788228,1057.902434098836,36873109504,28449269248,30666653696
439,7024,0.3512,1.174636040551994,0.288370817899704,7.544760843813122e-05,6661,5473,6.613634990062565,1007.1617212030305,36873109504,28449269248,30666653696
440,7040,0.352,1.3281068919065409,0.26355016231536865,7.533596091940829e-05,7414,6185,6.798847605008632,1090.4789209480432,36873109504,28449269248,30666653696
441,7056,0.3528,1.2575515469835394,0.2823778986930847,7.5224143172432e-05,6596,5528,5.790883251000196,1139.0317701294955,36873109504,28449269248,30666653696
442,7072,0.3536,1.040025612256157,0.28193333745002747,7.511215594848784e-05,6500,5506,6.142122113145888,1058.2661627791724,36873109504,28449269248,30666653696
443,7088,0.3544,1.5513452003918695,0.24622631072998047,7.500000000000001e-05,8294,7099,7.875196124892682,1053.1801200205698,36873109504,28449269248,30666653696
444,7104,0.3552,1.4211000894335755,0.2536897659301758,7.48876760805263e-05,7819,6593,7.011518433690071,1115.165006545517,36873109504,28449269248,30666653696
445,7120,0.356,1.4170750013199347,0.27759918570518494,7.477518494475309e-05,6855,5800,6.263490114826709,1094.4377454628834,36873109504,28449269248,30666653696
446,7136,0.3568,1.2856631299709338,0.2780000567436218,7.466252734849026e-05,7098,5754,6.416883341036737,1106.1444665212223,36873109504,28449269248,30666653696
447,7152,0.3576,1.4357825384947598,0.22882314026355743,7.454970404866611e-05,8089,7357,7.685224807821214,1052.5391517197866,36873109504,28449269248,30666653696
448,7168,0.3584,1.598839670340874,0.252804696559906,7.44367158033223e-05,8047,6806,7.226548579055816,1113.532955873574,36873109504,28449269248,30666653696
449,7184,0.3592,0.9952600149354285,0.3062100410461426,7.432356337160867e-05,6840,5666,6.289178732782602,1087.5823840633147,36873109504,28449269248,30666653696
450,7200,0.36,1.5956344038717936,0.2335185408592224,7.421024751377825e-05,8840,7738,8.118401852902025,1088.8842607415436,36873109504,28449269248,30666653696
451,7216,0.3608,1.190797965009951,0.28877389430999756,7.409676899118214e-05,6577,5644,6.42147365398705,1024.2197281174524,36873109504,28449269248,30666653696
452,7232,0.3616,1.5046408004175849,0.24587325751781464,7.398312856626424e-05,8026,6734,7.343827364966273,1092.8906142712492,36873109504,28449269248,30666653696
453,7248,0.3624,1.4794649946851977,0.2500022351741791,7.386932700255636e-05,7667,6681,6.963506139349192,1101.0258117926433,36873109504,28449269248,30666653696
454,7264,0.3632,1.268616472226914,0.27759289741516113,7.375536506467294e-05,6675,5607,6.047681442927569,1103.7287699414203,36873109504,28449269248,30666653696
455,7280,0.364,1.3187979405463055,0.2892407178878784,7.364124351830591e-05,7041,5730,7.157899613957852,983.6684474129954,36873109504,28449269248,30666653696
456,7296,0.3648,1.2863960692002896,0.2662558853626251,7.352696313021965e-05,7270,5990,6.439570213668048,1128.9573308121335,36873109504,28449269248,30666653696
457,7312,0.3656,1.1274084082729268,0.3080783188343048,7.341252466824572e-05,6072,5018,5.858080646954477,1036.5169696249807,36873109504,28449269248,30666653696
458,7328,0.3664,1.4624280349227734,0.2394360601902008,7.329792890127778e-05,8835,7399,7.86593974288553,1123.1970099937457,36873109504,28449269248,30666653696
459,7344,0.3672,1.3638645203808943,0.27380919456481934,7.318317659926637e-05,7194,6000,6.798606844153255,1058.1579674939992,36873109504,28449269248,30666653696
460,7360,0.368,1.3381233336241454,0.2701704800128937,7.30682685332138e-05,7468,5960,6.971403501927853,1071.2333603893132,36873109504,28449269248,30666653696
461,7376,0.3688,1.2641701393899287,0.30999284982681274,7.295320547516893e-05,6714,5418,7.094600924290717,946.3534413912412,36873109504,28449269248,30666653696
462,7392,0.3696,1.4756846023506496,0.2516956031322479,7.283798819822194e-05,8190,6936,7.395006033126265,1107.5041674492927,36873109504,28449269248,30666653696
463,7408,0.3704,1.0198328573303288,0.3328914940357208,7.272261747649921e-05,5958,4721,5.764928872697055,1033.4906347617466,36873109504,28449269248,30666653696
464,7424,0.3712,1.2252092320968795,0.28690966963768005,7.260709408515814e-05,6833,5654,6.09103440027684,1121.8127416403095,36873109504,28449269248,30666653696
465,7440,0.372,1.3179789716160402,0.265254408121109,7.24914188003818e-05,7081,5996,6.605883487965912,1071.923235234109,36873109504,28449269248,30666653696
466,7456,0.3728,1.6456571279643677,0.238335981965065,7.237559239937387e-05,8374,7311,7.904262290801853,1059.4284060822195,36873109504,28449269248,30666653696
467,7472,0.3736,1.565466907574235,0.2575491964817047,7.225961566035335e-05,7949,6903,7.324987505096942,1085.1895644147996,36873109504,28449269248,30666653696
468,7488,0.3744,1.5025411775846074,0.25853967666625977,7.214348936254935e-05,7752,6744,7.397604088764638,1047.9068502427176,36873109504,28449269248,30666653696
469,7504,0.3752,1.4567611295261396,0.2781884968280792,7.202721428619576e-05,7123,5948,6.4443223951384425,1105.3140366430996,36873109504,28449269248,30666653696
470,7520,0.376,1.1897246219167774,0.28020262718200684,7.191079121252617e-05,6920,5960,6.3592396741732955,1088.1804043499278,36873109504,28449269248,30666653696
471,7536,0.3768,0.997218469798553,0.2918717861175537,7.179422092376856e-05,6232,5003,6.074682467151433,1025.8972437982156,36873109504,28449269248,30666653696
472,7552,0.3776,1.4894725545229415,0.2754043936729431,7.167750420313993e-05,7938,6630,7.589919886086136,1045.8608416344375,36873109504,28449269248,30666653696
473,7568,0.3784,1.1692964970968287,0.28074586391448975,7.156064183484122e-05,7771,6130,6.98356174910441,1112.7559659648707,36873109504,28449269248,30666653696
474,7584,0.3792,1.436004987337485,0.27811697125434875,7.14436346040519e-05,7329,6358,7.023425921797752,1043.5078381411947,36873109504,28449269248,30666653696
475,7600,0.38,1.2089942448452056,0.2877199351787567,7.132648329692478e-05,6262,5281,5.958342436701059,1050.963429263234,36873109504,28449269248,30666653696
476,7616,0.3808,1.402831005484497,0.2727542519569397,7.120918870058066e-05,6976,6091,6.358569515869021,1097.1021048979749,36873109504,28449269248,30666653696
477,7632,0.3816,1.335883458659311,0.2824842929840088,7.109175160310312e-05,7541,6236,7.4821986351162195,1007.8588350498753,36873109504,28449269248,30666653696
478,7648,0.3824,1.4459050945425223,0.26789590716362,7.097417279353316e-05,7309,6325,6.448746342211962,1133.3985882119478,36873109504,28449269248,30666653696
479,7664,0.3832,1.5391535531640386,0.24060329794883728,7.08564530618639e-05,7850,6817,7.1820646408014,1093.0004661060902,36873109504,28449269248,30666653696
480,7680,0.384,0.9651675793381392,0.3349733054637909,7.073859319903536e-05,5751,4597,5.281487837899476,1088.8977077124646,36873109504,28449269248,30666653696
481,7696,0.3848,1.4993734339248912,0.24837270379066467,7.062059399692898e-05,7779,6399,7.0416417717933655,1104.713964740476,36873109504,28449269248,30666653696
482,7712,0.3856,1.3707722050354818,0.27275940775871277,7.050245624836249e-05,7508,5927,7.091804007999599,1058.6868999102244,36873109504,28449269248,30666653696
483,7728,0.3864,1.1648961230788217,0.2705102264881134,7.038418074708444e-05,7011,5974,6.554949701298028,1069.5734245850374,36873109504,28449269248,30666653696
484,7744,0.3872,1.366077306191311,0.2492998093366623,7.026576828776895e-05,8719,6465,9.58264012215659,909.8745114971273,36873109504,29552119808,31966887936
485,7760,0.388,1.4504120278310622,0.27568578720092773,7.01472196660103e-05,7546,6479,7.517816415987909,1003.7489055934053,36873109504,29552119808,31966887936
486,7776,0.3888,1.3410946498863614,0.24793890118598938,7.002853567831764e-05,7326,6459,6.918653696775436,1058.8765272952473,36873109504,29552119808,31966887936
487,7792,0.3896,1.435546358634218,0.2664951980113983,6.990971712210966e-05,7283,6119,6.496604406740516,1121.0471723418411,36873109504,29552119808,31966887936
488,7808,0.3904,1.3447449414464085,0.2736099362373352,6.979076479570912e-05,7036,5907,6.656622221227735,1056.9925355779455,36873109504,29552119808,31966887936
489,7824,0.3912,0.9397043773460538,0.29131704568862915,6.967167949833763e-05,6161,5094,5.6262023989111185,1095.0548101846434,36873109504,29552119808,31966887936
490,7840,0.392,1.42460422563145,0.2533642649650574,6.955246203011016e-05,7765,6430,7.402576949913055,1048.9590385266042,36873109504,29552119808,31966887936
491,7856,0.3928,1.4929369429138175,0.27032458782196045,6.943311319202976e-05,7349,6002,6.75055241631344,1088.6516460846,36873109504,29552119808,31966887936
492,7872,0.3936,1.5565034912551268,0.25629696249961853,6.93136337859821e-05,7398,6345,6.80476160813123,1087.1798934381316,36873109504,29552119808,31966887936
493,7888,0.3944,1.4936081129796317,0.2392500787973404,6.919402461473014e-05,8360,7429,7.894638481084257,1058.9465268144652,36873109504,29552119808,31966887936
494,7904,0.3952,1.558809429280803,0.24136026203632355,6.907428648190864e-05,8504,7078,8.243576406966895,1031.5910934983283,36873109504,29552119808,31966887936
495,7920,0.396,1.5683346002732457,0.22707679867744446,6.895442019201897e-05,8186,7271,7.550670078024268,1084.1421907473905,36873109504,29552119808,31966887936
496,7936,0.3968,1.1945780703334774,0.2830843925476074,6.883442655042344e-05,6494,5590,5.636708522215486,1152.0907945489364,36873109504,29552119808,31966887936
497,7952,0.3976,1.5710050531848554,0.24704793095588684,6.871430636334006e-05,7806,6811,6.796491208020598,1148.533818566273,36873109504,29552119808,31966887936
498,7968,0.3984,1.6159516183897986,0.251955509185791,6.859406043783707e-05,7544,6551,7.3780503128655255,1022.4923496177707,36873109504,29552119808,31966887936
499,7984,0.3992,1.2425019071074055,0.289811909198761,6.847368958182759e-05,6589,5772,6.210403276141733,1060.9616971755615,36873109504,29552119808,31966887936
500,8000,0.4,1.109316423886399,0.3059024214744568,6.8353194604064e-05,6149,5221,5.603951022028923,1097.2615527559947,36873109504,29552119808,31966887936
501,8016,0.4008,1.5079185288900623,0.23908144235610962,6.823257631413276e-05,8059,6794,6.879282342735678,1171.4884777930463,36873109504,29552119808,31966887936
502,8032,0.4016,1.0951189386081315,0.2991982400417328,6.811183552244878e-05,6561,5263,6.076790499035269,1079.6817828492858,36873109504,29552119808,31966887936
503,8048,0.4024,1.2282600720406123,0.29521429538726807,6.799097304025005e-05,6305,5259,5.80118292523548,1086.8473001554366,36873109504,29552119808,31966887936
504,8064,0.4032,1.2547834985057513,0.2710310220718384,6.78699896795922e-05,6962,6000,6.459551754873246,1077.7837633621705,36873109504,29552119808,31966887936
505,8080,0.404,0.9771876573638859,0.3265840709209442,6.774888625334295e-05,5768,4691,5.238206602167338,1101.140225666826,36873109504,29552119808,31966887936
506,8096,0.4048,1.5489424569660222,0.2535758912563324,6.762766357517683e-05,8299,6915,7.937793917953968,1045.5045930619392,36873109504,29552119808,31966887936
507,8112,0.4056,1.2074847380086258,0.25918063521385193,6.750632245956953e-05,7403,6114,7.073041771072894,1046.6501173903084,36873109504,29552119808,31966887936
508,8128,0.4064,1.4602295384719903,0.2755867540836334,6.738486372179254e-05,6793,6066,6.399288265965879,1061.5243004644824,36873109504,29552119808,31966887936
509,8144,0.4072,1.3373083151575373,0.26995089650154114,6.72632881779076e-05,7534,6078,7.4857351877726614,1006.4475714163888,36873109504,29552119808,31966887936
510,8160,0.408,1.456041953793393,0.27744320034980774,6.714159664476127e-05,6872,5854,6.548650193028152,1049.3765581365292,36873109504,29552119808,31966887936
511,8176,0.4088,1.5887851551995038,0.25886034965515137,6.701978993997941e-05,8083,6688,7.369736072141677,1096.7828319598216,36873109504,29552119808,31966887936
512,8192,0.4096,1.50957306922549,0.25923025608062744,6.689786888196175e-05,8728,6704,9.556619515176862,913.2936585095878,36873109504,29552119808,31966887936
513,8208,0.4104,1.299237468676813,0.28353309631347656,6.677583428987625e-05,6896,5744,6.12836385704577,1125.259557177187,36873109504,29552119808,31966887936
514,8224,0.4112,1.3446735397784744,0.2753826677799225,6.66536869836538e-05,7700,6361,6.8865423691459,1118.1227947567234,36873109504,29552119808,31966887936
515,8240,0.412,1.274972315997308,0.2865440249443054,6.653142778398248e-05,6241,5356,6.259460696019232,997.0507529457014,36873109504,29552119808,31966887936
516,8256,0.4128,1.5752796858461207,0.2485431432723999,6.640905751230225e-05,8237,6780,7.4451935780234635,1106.3513545589697,36873109504,29552119808,31966887936
517,8272,0.4136,1.484721813316929,0.2613520622253418,6.628657699079932e-05,7920,6467,7.3034084173850715,1084.4251816928643,36873109504,29552119808,31966887936
518,8288,0.4144,1.142626544417337,0.31039881706237793,6.616398704240064e-05,6056,4988,5.823152869939804,1039.9864360872605,36873109504,29552119808,31966887936
519,8304,0.4152,1.2379249684781195,0.2776068449020386,6.604128849076838e-05,7152,5992,7.178094598930329,996.3646900203547,36873109504,29552119808,31966887936
520,8320,0.416,0.9354886294951095,0.31926706433296204,6.591848216029444e-05,5799,4645,5.281123531982303,1098.0617978128055,36873109504,29552119808,31966887936
521,8336,0.4168,1.55056489096155,0.2489890456199646,6.579556887609482e-05,8243,7064,7.583239993080497,1087.002390471819,36873109504,29552119808,31966887936
522,8352,0.4176,1.3342615287035506,0.2588212490081787,6.567254946400411e-05,7916,6644,7.506672619841993,1054.5284709867396,36873109504,29552119808,31966887936
523,8368,0.4184,1.270304502912624,0.2589285671710968,6.554942475057004e-05,7893,6680,7.475907161831856,1055.7916021613546,36873109504,29552119808,31966887936
524,8384,0.4192,1.34410537753494,0.27074235677719116,6.542619556304774e-05,6762,5825,6.539567074272782,1034.0134022942113,36873109504,29552119808,31966887936
525,8400,0.42,1.3936095044759043,0.2638256847858429,6.530286272939437e-05,7707,6264,7.144923318643123,1078.6679795275422,36873109504,29552119808,31966887936
526,8416,0.4208,1.2244667481134714,0.30383267998695374,6.517942707826343e-05,6172,5224,5.570939940866083,1107.8920371632069,36873109504,29552119808,31966887936
527,8432,0.4216,1.4954371402007898,0.24248148500919342,6.505588943899922e-05,8595,7225,7.709202508907765,1114.9013130824778,36873109504,29552119808,31966887936
528,8448,0.4224,1.4683990844552084,0.24686139822006226,6.493225064163133e-05,7728,6805,7.455213618930429,1036.590015392303,36873109504,29552119808,31966887936
529,8464,0.4232,1.6526310378874498,0.25217899680137634,6.480851151686898e-05,8649,7198,7.779259548056871,1111.802472532283,36873109504,29552119808,31966887936
530,8480,0.424,1.3484273611839712,0.2810022830963135,6.468467289609547e-05,6753,5784,6.343766362871975,1064.5095695079722,36873109504,29552119808,31966887936
531,8496,0.4248,1.6634850572583029,0.2416335493326187,6.456073561136261e-05,8723,7551,8.097757727839053,1077.2117780223832,36873109504,29552119808,31966887936
532,8512,0.4256,1.3002731461768842,0.27132904529571533,6.443670049538512e-05,7115,5807,6.880972222890705,1034.010859153124,36873109504,29552119808,31966887936
533,8528,0.4264,1.3660534152119026,0.28364506363868713,6.431256838153504e-05,7761,6269,6.817942024208605,1138.3200344682984,36873109504,29552119808,31966887936
534,8544,0.4272,1.431248133476669,0.24848398566246033,6.41883401038361e-05,7422,6452,6.989260874688625,1061.9148623967558,36873109504,29552119808,31966887936
535,8560,0.428,1.4180852968561182,0.24631327390670776,6.406401649695814e-05,7715,6649,6.822964709252119,1130.7401296592166,36873109504,29552119808,31966887936
536,8576,0.4288,1.4087833999778492,0.2707872688770294,6.393959839621153e-05,6995,5747,6.58878925209865,1061.651804657732,36873109504,29552119808,31966887936
537,8592,0.4296,1.3074937829681328,0.26959532499313354,6.381508663754153e-05,6979,5969,6.155106695834547,1133.855243276777,36873109504,29552119808,31966887936
538,8608,0.4304,1.39677238701171,0.2645946145057678,6.369048205752261e-05,7613,6544,7.086180298123509,1074.3446652092664,36873109504,29552119808,31966887936
539,8624,0.4312,1.587045402540047,0.2436893731355667,6.356578549335294e-05,8595,7591,7.8547391523607075,1094.2438486218616,36873109504,29552119808,31966887936
540,8640,0.432,1.6011801370485306,0.23929238319396973,6.344099778284876e-05,8787,7338,7.934324023779482,1107.4667449508004,36873109504,29552119808,31966887936
541,8656,0.4328,1.207774285510409,0.26873019337654114,6.331611976443862e-05,8174,6245,10.028885151259601,815.0457280860742,36873109504,31108308480,33749467136
542,8672,0.4336,1.3042101226896876,0.2781137228012085,6.31911522771579e-05,6171,5221,5.599032985046506,1102.154607140387,36873109504,31108308480,33749467136
543,8688,0.4344,1.5872051575419097,0.258457750082016,6.306609616064304e-05,7558,6426,6.7920025628991425,1112.7793209745041,36873109504,31108308480,33749467136
544,8704,0.4352,1.621698938132146,0.2281603366136551,6.294095225512603e-05,8688,7911,8.043977208901197,1080.0627319513223,36873109504,31108308480,33749467136
545,8720,0.436,1.3978497979621016,0.24779817461967468,6.281572140142871e-05,7852,6694,7.535447746049613,1042.0084200194126,36873109504,31108308480,33749467136
546,8736,0.4368,1.434378591967183,0.26366040110588074,6.269040444095704e-05,6766,5939,6.287325459998101,1076.1332530099442,36873109504,31108308480,33749467136
547,8752,0.4376,1.4077984132271508,0.26261696219444275,6.256500221569556e-05,7673,6538,8.057499907445163,952.2804949597477,36873109504,31108308480,33749467136
548,8768,0.4384,1.6114657403732355,0.21583299338817596,6.243951556820169e-05,8852,7953,8.194318291731179,1080.2606983100086,36873109504,31108308480,33749467136
549,8784,0.4392,1.153154134676856,0.31995922327041626,6.231394534160008e-05,5801,4865,5.430788271129131,1068.1690595155346,36873109504,31108308480,33749467136
550,8800,0.44,1.2827451566577308,0.27750784158706665,6.218829237957688e-05,6822,5793,6.1635459079407156,1106.8304028061143,36873109504,31108308480,33749467136
551,8816,0.4408,1.4351261765231225,0.25117647647857666,6.206255752637422e-05,7501,6581,6.85709672793746,1093.9031922124013,36873109504,31108308480,33749467136
552,8832,0.4416,1.346161132592143,0.265145480632782,6.193674162678437e-05,7723,6587,6.757616905961186,1142.8585117317332,36873109504,31108308480,33749467136
553,8848,0.4424,1.4385428270933451,0.2571205496788025,6.181084552614413e-05,7939,6659,7.8426934140734375,1012.2797846150333,36873109504,31108308480,33749467136
554,8864,0.4432,1.4169805868435468,0.2842985987663269,6.168487007032922e-05,7304,6108,6.519845975097269,1120.271863460859,36873109504,31108308480,33749467136
555,8880,0.444,1.3011790761747148,0.25716710090637207,6.15588161057485e-05,7461,6065,6.684873777907342,1116.1018514153038,36873109504,31108308480,33749467136
556,8896,0.4448,1.1846757539884307,0.2773626744747162,6.143268447933827e-05,6929,5948,6.088423002045602,1138.0615304935252,36873109504,31108308480,33749467136
557,8912,0.4456,1.3310133458317814,0.27672797441482544,6.130647603855673e-05,6946,5887,6.400804680772126,1085.1760593266702,36873109504,31108308480,33749467136
558,8928,0.4464,1.465403012741306,0.2674202024936676,6.118019163137813e-05,7120,6116,6.683876206167042,1065.2501303705412,36873109504,31108308480,33749467136
559,8944,0.4472,1.5370714439071471,0.2730405032634735,6.10538321062871e-05,7489,6294,6.894836368970573,1086.175160545273,36873109504,31108308480,33749467136
560,8960,0.448,1.082441051724576,0.2729625999927521,6.092739831227298e-05,6783,5716,6.484006723854691,1046.1124253689177,36873109504,31108308480,33749467136
561,8976,0.4488,1.2031471563186966,0.2740805447101593,6.0800891098824186e-05,6687,5950,5.994156470987946,1115.5864936735395,36873109504,31108308480,33749467136
562,8992,0.4496,1.4060029137344354,0.2516995072364807,6.067431131592234e-05,7863,6932,7.385095154866576,1064.7120768401335,36873109504,31108308480,33749467136
563,9008,0.4504,1.4605423931230246,0.26711735129356384,6.054765981403666e-05,8039,6685,7.858757177833468,1022.9352832881677,36873109504,31108308480,33749467136
564,9024,0.4512,1.3603123630208722,0.2767505347728729,6.0420937444118284e-05,7051,5856,6.431705522816628,1096.2877536893457,36873109504,31108308480,33749467136
565,9040,0.452,1.299087458021111,0.2580091059207916,6.029414505759448e-05,7733,6480,6.857170342002064,1127.7246465110013,36873109504,31108308480,33749467136
566,9056,0.4528,1.4080248545423597,0.2457893341779709,6.016728350636288e-05,7673,6524,6.951626350171864,1103.770486716436,36873109504,31108308480,33749467136
567,9072,0.4536,1.4405820400244764,0.25053665041923523,6.004035364278593e-05,7512,6522,7.6347473450005054,983.9225400063979,36873109504,31108308480,33749467136
568,9088,0.4544,1.353810230806767,0.27220988273620605,5.9913356319684974e-05,6653,5667,6.220367738045752,1069.5509140574006,36873109504,31108308480,33749467136
569,9104,0.4552,1.2502829200960515,0.28069984912872314,5.9786292390334654e-05,7421,6158,6.811132884118706,1089.539747096008,36873109504,31108308480,33749467136
570,9120,0.456,1.377110646917552,0.2610340118408203,5.965916270845709e-05,7297,6174,6.708900880999863,1087.6595331234778,36873109504,31108308480,33749467136
571,9136,0.4568,1.5188497165079495,0.2380920946598053,5.953196812821622e-05,8328,7195,7.711346209980547,1079.9670736117823,36873109504,31108308480,33749467136
572,9152,0.4576,1.4408811794573002,0.2512522339820862,5.940470950421198e-05,7781,6764,6.879940526094288,1130.9690789459833,36873109504,31108308480,33749467136
573,9168,0.4584,1.3016085744286194,0.2617999315261841,5.9277387691474676e-05,7123,6240,6.503521856851876,1095.2527194931258,36873109504,31108308480,33749467136
574,9184,0.4592,1.2396256079908623,0.28523269295692444,5.915000354545907e-05,6144,5421,5.757279720157385,1067.170660214516,36873109504,31108308480,33749467136
575,9200,0.46,1.457606405654407,0.2556414008140564,5.9022557922038815e-05,8238,6856,7.778778519947082,1059.03516585224,36873109504,31108308480,33749467136
576,9216,0.4608,1.3002176934164615,0.25382861495018005,5.88950516775006e-05,8082,6695,7.892063158098608,1024.0668172690032,36873109504,31108308480,33749467136
577,9232,0.4616,1.0837403549088371,0.29487502574920654,5.8767485668538394e-05,6786,5445,6.4077656888403,1059.02748782129,36873109504,31108308480,33749467136
578,9248,0.4624,1.4729079252824147,0.27263736724853516,5.863986075224772e-05,7413,6279,6.80415777489543,1089.4809093567685,36873109504,31108308480,33749467136
579,9264,0.4632,1.2527551479404369,0.29088133573532104,5.851217778611994e-05,7256,6037,6.44906497374177,1125.124344310962,36873109504,31108308480,33749467136
580,9280,0.464,1.6097085912472084,0.2466498613357544,5.838443762803636e-05,8279,7149,8.041952418163419,1029.4763720935714,36873109504,31108308480,33749467136
581,9296,0.4648,1.3090077598611365,0.28897756338119507,5.825664113626258e-05,6638,5854,6.125811969861388,1083.611451454688,36873109504,31108308480,33749467136
582,9312,0.4656,1.4260251641768829,0.27021610736846924,5.8128789169442756e-05,6723,5776,6.083751929923892,1105.0746443049175,36873109504,31108308480,33749467136
583,9328,0.4664,1.202499443639859,0.2648855745792389,5.800088258659371e-05,7091,5819,7.0032172608189285,1012.5346302865959,36873109504,31108308480,33749467136
584,9344,0.4672,1.3745821407931613,0.28927430510520935,5.78729222470992e-05,7120,5963,6.610852966085076,1077.0168443507887,36873109504,31108308480,33749467136
585,9360,0.468,1.2247405972877698,0.2972065508365631,5.774490901070424e-05,6631,5418,5.806309359148145,1142.0335345295566,36873109504,31108308480,33749467136
586,9376,0.4688,1.094831443320938,0.29405477643013,5.761684373750919e-05,6489,5472,5.953939337283373,1089.8666634653287,36873109504,31108308480,33749467136
587,9392,0.4696,1.3014418056052581,0.2884616553783417,5.748872728796408e-05,6917,5819,6.16211765864864,1122.5037208258868,36873109504,31108308480,33749467136
588,9408,0.4704,1.3044235425983073,0.29995042085647583,5.736056052286274e-05,6332,5277,6.041895391885191,1048.0154966774905,36873109504,31108308480,33749467136
589,9424,0.4712,1.5260846170836126,0.2752135694026947,5.7232344303337106e-05,7132,6288,6.584257013630122,1083.1897942677497,36873109504,31108308480,33749467136
590,9440,0.472,1.3482198477149967,0.26653435826301575,5.710407949085135e-05,6950,5984,6.279404527042061,1106.79284477852,36873109504,31108308480,33749467136
591,9456,0.4728,1.204952964207324,0.28798621892929077,5.697576694719616e-05,6651,5627,6.643486825749278,1001.1309082787071,36873109504,31108308480,33749467136
592,9472,0.4736,1.377222606184912,0.28832823038101196,5.684740753448291e-05,6641,5762,5.918349854182452,1122.1033165700499,36873109504,31108308480,33749467136
593,9488,0.4744,1.15934004857165,0.2998304069042206,5.671900211513791e-05,6329,5447,6.3650568863376975,994.3351823901069,36873109504,31108308480,33749467136
594,9504,0.4752,1.4806314794378292,0.26683473587036133,5.6590551551896506e-05,7219,6071,6.641006682999432,1087.0339911688684,36873109504,31108308480,33749467136
595,9520,0.476,1.4445208809077958,0.264306902885437,5.646205670779745e-05,8387,6845,7.870115776080638,1065.6768259356882,36873109504,31108308480,33749467136
596,9536,0.4768,1.2855019431965828,0.2773418426513672,5.633351844617697e-05,7347,6215,6.573802864179015,1117.6179377136748,36873109504,31108308480,33749467136
597,9552,0.4776,1.3037209259343108,0.27914056181907654,5.620493763066297e-05,7699,6170,8.119281656108797,948.2365960549497,36873109504,31108308480,33749467136
598,9568,0.4784,1.4908767970643255,0.24956107139587402,5.607631512516934e-05,8196,7146,7.280834726989269,1125.6951032851098,36873109504,31108308480,33749467136
599,9584,0.4792,1.3431207981431232,0.2781565189361572,5.5947651793890025e-05,6604,5723,5.740414930041879,1150.4394857310115,36873109504,31108308480,33749467136
600,9600,0.48,1.406871369878251,0.2737608253955841,5.5818948501293275e-05,6873,5958,6.392916263081133,1075.0962029162392,36873109504,31108308480,33749467136
601,9616,0.4808,1.5562057986913942,0.2644905745983124,5.5690206112115884e-05,7341,6375,6.629040616098791,1107.400063618889,36873109504,31108308480,33749467136
602,9632,0.4816,1.3829722423282178,0.2431318312883377,5.5561425491357255e-05,8578,7101,7.593165765050799,1129.7000836570849,36873109504,31108308480,33749467136
603,9648,0.4824,1.5374589727820023,0.2529332637786865,5.543260750427373e-05,8027,7045,7.384319324977696,1087.0331640248028,36873109504,31108308480,33749467136
604,9664,0.4832,1.4184350518516629,0.2389305830001831,5.5303753016372675e-05,8550,7307,7.924835655838251,1078.8867266542227,36873109504,31108308480,33749467136
605,9680,0.484,1.2844182069180692,0.2734636962413788,5.517486289340669e-05,6899,5876,6.906554867979139,998.9061307520823,36873109504,31108308480,33749467136
606,9696,0.4848,1.3033170464558272,0.2741536796092987,5.504593800136783e-05,7234,5912,6.685722107067704,1082.0072812109095,36873109504,31108308480,33749467136
607,9712,0.4856,1.4634258476220225,0.24657024443149567,5.491697920648174e-05,7776,6555,7.06173390801996,1101.1459935029347,36873109504,31108308480,33749467136
608,9728,0.4864,1.1642953890494834,0.2943558692932129,5.4787987375201866e-05,6801,5320,5.916337460279465,1149.5287491053202,36873109504,31108308480,33749467136
609,9744,0.4872,1.388279127353298,0.2648741602897644,5.465896337420359e-05,7535,6379,6.897012388333678,1092.5020248978356,36873109504,31108308480,33749467136
610,9760,0.488,1.3493965439187718,0.27049341797828674,5.4529908070378466e-05,6706,5875,6.28875449905172,1066.3478755628314,36873109504,31108308480,33749467136
611,9776,0.4888,1.2936159931407933,0.2894376218318939,5.440082233082837e-05,7080,5627,7.390851782169193,957.9410071625115,36873109504,31108308480,33749467136
612,9792,0.4896,1.3803165123813836,0.26293084025382996,5.427170702285964e-05,7513,6450,6.802504681050777,1104.4461345140114,36873109504,31108308480,33749467136
613,9808,0.4904,1.5666071740384857,0.2364083081483841,5.414256301397731e-05,8705,7425,8.128913375083357,1070.8688355177283,36873109504,31108308480,33749467136
614,9824,0.4912,1.1683097438971348,0.29402488470077515,5.401339117187926e-05,6719,5395,6.4131496381014585,1047.69113137193,36873109504,31108308480,33749467136
615,9840,0.492,1.2397790612282857,0.2742736041545868,5.3884192364450325e-05,7114,5990,6.175765068270266,1151.922056839594,36873109504,31108308480,33749467136
616,9856,0.4928,1.4723614802424876,0.2541370391845703,5.375496745975655e-05,8101,6670,7.337168417870998,1104.1044090344924,36873109504,31108308480,33749467136
617,9872,0.4936,1.1715273631952468,0.2739444673061371,5.3625717326039336e-05,7389,5972,6.557489216327667,1126.8032254787292,36873109504,31108308480,33749467136
618,9888,0.4944,1.4935620445293278,0.24499882757663727,5.349644283170957e-05,8332,7253,7.883858227171004,1056.8429517522925,36873109504,31108308480,33749467136
619,9904,0.4952,1.26376562378428,0.28713834285736084,5.336714484534182e-05,6470,5550,6.169859701767564,1048.6462112171612,36873109504,31108308480,33749467136
620,9920,0.496,1.3464508603767682,0.23999471962451935,5.32378242356685e-05,7698,6811,6.773292121011764,1136.5226631994292,36873109504,31108308480,33749467136
621,9936,0.4968,1.1831051078533878,0.28809961676597595,5.3108481871574036e-05,6849,5671,6.22538005001843,1100.1737958118274,36873109504,31108308480,33749467136
622,9952,0.4976,1.397882592514457,0.27117154002189636,5.2979118622088974e-05,7478,6266,6.804788613226265,1098.9320058326623,36873109504,31108308480,33749467136
623,9968,0.4984,1.1368779271456504,0.28040042519569397,5.284973535638423e-05,7552,6200,7.927439700812101,952.6404848246729,36873109504,31108308480,33749467136
624,9984,0.4992,1.2321050216452254,0.28202885389328003,5.272033294376522e-05,7290,6085,6.98283634474501,1043.9883795194696,36873109504,31108308480,33749467136
625,10000,0.5,1.1812091896891879,0.2830212116241455,5.259091225366593e-05,7368,6295,7.185814296361059,1025.3535223880197,36873109504,31108308480,33749467136
626,10016,0.5008,1.4010521740196866,0.2704949378967285,5.246147415564321e-05,7361,6016,6.803235797677189,1081.985134561005,36873109504,31108308480,33749467136
627,10032,0.5016,1.5327824222679103,0.2643321752548218,5.233201951937088e-05,7820,6677,7.240975808817893,1079.9649393217119,36873109504,31108308480,33749467136
628,10048,0.5024,1.4376068479746447,0.26796647906303406,5.2202549214633833e-05,7672,6459,7.372743694111705,1040.5895441784173,36873109504,31108308480,33749467136
629,10064,0.5032,1.2786642703182949,0.2830217480659485,5.207306411132228e-05,7571,5973,6.58324517775327,1150.040716330093,36873109504,31108308480,33749467136
630,10080,0.504,1.501589127572926,0.255778968334198,5.1943565079425805e-05,7772,6606,7.285109180025756,1066.8337025489195,36873109504,31108308480,33749467136
631,10096,0.5048,1.5743019058813457,0.25914761424064636,5.181405298902763e-05,8064,6885,7.571997516788542,1064.9765774646116,36873109504,31108308480,33749467136
632,10112,0.5056,1.4145976950937675,0.2761966288089752,5.168452871029871e-05,7470,6070,6.842311773914844,1091.7362796121204,36873109504,31108308480,33749467136
633,10128,0.5064,1.418806633015431,0.27474695444107056,5.155499311349185e-05,7005,6061,6.350672909989953,1103.0327178369957,36873109504,31108308480,33749467136
634,10144,0.5072,1.4569209832594354,0.25461357831954956,5.142544706893595e-05,7766,6822,7.4141718447208405,1047.453466502759,36873109504,31108308480,33749467136
635,10160,0.508,1.347455165580467,0.24776409566402435,5.1295891447030054e-05,7764,6750,6.939834378659725,1118.758687365021,36873109504,31108308480,33749467136
636,10176,0.5088,1.3590704450239044,0.2698141932487488,5.116632711823761e-05,7402,6293,7.569607495795935,977.8578353119336,36873109504,31108308480,33749467136
637,10192,0.5096,1.580650518504718,0.26456311345100403,5.103675495308054e-05,6743,5895,6.050745332613587,1114.4081645041565,36873109504,31108308480,33749467136
638,10208,0.5104,1.2988771747424361,0.27772247791290283,5.090717582213338e-05,6684,5777,6.096235239878297,1096.414383138771,36873109504,31108308480,33749467136
639,10224,0.5112,1.3247527674114012,0.2871449887752533,5.077759059601755e-05,6773,5503,6.137920662760735,1103.468156747666,36873109504,31108308480,33749467136
640,10240,0.512,1.5489726574792224,0.23356345295906067,5.064800014539536e-05,8441,7301,7.716182976961136,1093.9346598185932,36873109504,31108308480,33749467136
641,10256,0.5128,1.4451328515217134,0.27160269021987915,5.0518405340964223e-05,7055,6041,6.962549082003534,1013.2783147246213,36873109504,31108308480,33749467136
642,10272,0.5136,1.3149655565614873,0.27536657452583313,5.038880705345086e-05,7818,6486,7.418595822993666,1053.8382446673259,36873109504,31108308480,33749467136
643,10288,0.5144,1.169014045933047,0.3066213130950928,5.025920615360532e-05,6652,5493,6.570701381191611,1012.3728981263862,36873109504,31108308480,33749467136
644,10304,0.5152,1.3562639060079074,0.2759234607219696,5.012960351219526e-05,7066,6100,6.732351791113615,1049.5589385757864,36873109504,31108308480,33749467136
645,10320,0.516,1.2960766476356549,0.28631505370140076,5e-05,7151,5928,6.310520425904542,1133.1870459756867,36873109504,31108308480,33749467136
646,10336,0.5168,1.3868059780213644,0.2832980453968048,4.987039648780475e-05,6947,5817,6.680312390904874,1039.9214278449338,36873109504,31108308480,33749467136
647,10352,0.5176,1.3595182712498788,0.27285316586494446,4.9740793846394695e-05,7404,6183,7.662476125638932,966.2672847000382,36873109504,31108308480,33749467136
648,10368,0.5184,1.6283322371065774,0.2550450265407562,4.961119294654915e-05,7835,6846,7.231658827979118,1083.4305359769696,36873109504,31108308480,33749467136
649,10384,0.5192,1.400144490406805,0.2715018689632416,4.9481594659035775e-05,7625,6244,6.9091928959824145,1103.6021304939707,36873109504,31108308480,33749467136
650,10400,0.52,1.50773998603295,0.2598162591457367,4.935199985460466e-05,8044,7001,7.637551254127175,1053.2171546021625,36873109504,31108308480,33749467136
651,10416,0.5208,1.3959547605846672,0.24468280375003815,4.9222409403982453e-05,8715,7092,8.343382586725056,1044.5403778877665,36873109504,31108308480,33749467136
652,10432,0.5216,1.2702140347681743,0.26407337188720703,4.9092824177866617e-05,7362,6188,6.871174662839621,1071.4325222752434,36873109504,31108308480,33749467136
653,10448,0.5224,1.336831816330525,0.256620854139328,4.8963245046919495e-05,7797,6604,7.379954754840583,1056.5105422747847,36873109504,31108308480,33749467136
654,10464,0.5232,1.3137310657788206,0.2854829430580139,4.883367288176239e-05,7149,6048,6.653740515001118,1074.4332430581414,36873109504,31108308480,33749467136
655,10480,0.524,1.4219789922595962,0.2628173530101776,4.8704108552969944e-05,7526,6483,7.355343515984714,1023.2017014085628,36873109504,31108308480,33749467136
656,10496,0.5248,1.5675245361647634,0.2550133764743805,4.857455293106408e-05,8383,7268,8.729224391281605,960.3373248570172,36873109504,31108308480,33749467136
657,10512,0.5256,1.3735172696263906,0.27304840087890625,4.844500688650816e-05,7567,6154,7.215986834838986,1048.6438200616321,36873109504,31108308480,33749467136
658,10528,0.5264,1.2296442579925526,0.25291845202445984,4.831547128970129e-05,7723,6410,6.9294988182373345,1114.5106165072568,36873109504,31108308480,33749467136
659,10544,0.5272,1.422059965839358,0.27315571904182434,4.818594701097238e-05,7127,6132,6.517013072967529,1093.599156577219,36873109504,31108308480,33749467136
660,10560,0.528,1.2738376419250896,0.2678090035915375,4.805643492057421e-05,7319,6340,6.986009361688048,1047.6653581568478,36873109504,31108308480,33749467136
661,10576,0.5288,1.3015774154126691,0.27664417028427124,4.7926935888677735e-05,7675,6445,7.259557232726365,1057.2270117798373,36873109504,31108308480,33749467136
662,10592,0.5296,1.5561878127284559,0.2472929209470749,4.779745078536618e-05,7882,6986,6.991878777742386,1127.3078739710395,36873109504,31108308480,33749467136
663,10608,0.5304,1.3131377067493395,0.25800418853759766,4.7667980480629124e-05,8030,6575,7.3671160019002855,1089.9787648149872,36873109504,31108308480,33749467136
664,10624,0.5312,1.1689970885340395,0.26894691586494446,4.753852584435679e-05,6637,5878,6.0537711889483035,1096.3414032093635,36873109504,31108308480,33749467136
665,10640,0.532,1.1801421918566264,0.29637089371681213,4.740908774633408e-05,6768,5670,6.340030003339052,1067.5028345978728,36873109504,31108308480,33749467136
666,10656,0.5328,1.1740267733523488,0.30354297161102295,4.727966705623479e-05,6822,5409,6.009333182126284,1135.2341088843023,36873109504,31108308480,33749467136
667,10672,0.5336,1.3485647202413455,0.2529923915863037,4.7150264643615765e-05,7135,5992,6.674486957024783,1068.996021108489,36873109504,31108308480,33749467136
668,10688,0.5344,1.2049322587021696,0.31621286273002625,4.702088137791104e-05,6797,5417,6.1757752993144095,1100.5905607923517,36873109504,31108308480,33749467136
669,10704,0.5352,1.1969974645253643,0.2949759066104889,4.6891518128425976e-05,6596,5437,5.871098984964192,1123.4693908060945,36873109504,31108308480,33749467136
670,10720,0.536,1.3428226512248926,0.29251429438591003,4.676217576433149e-05,6947,5839,6.668811033014208,1041.714927234946,36873109504,31108308480,33749467136
671,10736,0.5368,1.4645882376712236,0.2792019248008728,4.663285515465818e-05,7131,6220,6.602150609716773,1080.1025940706181,36873109504,31108308480,33749467136
672,10752,0.5376,1.6005388067239277,0.25708505511283875,4.650355716829043e-05,7901,6915,6.972914861049503,1133.0985903950661,36873109504,31108308480,33749467136
673,10768,0.5384,1.4176840212242934,0.2721248269081116,4.637428267396069e-05,7193,6206,6.498847192618996,1106.8116831811928,36873109504,31108308480,33749467136
674,10784,0.5392,1.124600957395729,0.30262047052383423,4.624503254024347e-05,6040,5266,5.98239585570991,1009.6289422631753,36873109504,31108308480,33749467136
675,10800,0.54,1.4193018621587121,0.2607354521751404,4.611580763554969e-05,7790,6636,6.96444950485602,1118.5377960696474,36873109504,31108308480,33749467136
676,10816,0.5408,1.361658332973099,0.2782409191131592,4.598660882812076e-05,7056,5964,6.3117547910660505,1117.9141512258032,36873109504,31108308480,33749467136
677,10832,0.5416,1.5330681945907692,0.2672463059425354,4.5857436986022696e-05,7340,6155,6.39779647719115,1147.2700055664336,36873109504,31108308480,33749467136
678,10848,0.5424,1.3652322297177215,0.31012293696403503,4.572829297714037e-05,6439,5654,5.7646613689139485,1116.9780127454555,36873109504,31108308480,33749467136
679,10864,0.5432,1.4278572822174325,0.25154390931129456,4.5599177669171654e-05,7909,6889,7.649291730951518,1033.9519367522119,36873109504,31108308480,33749467136
680,10880,0.544,1.374741007997341,0.2761012613773346,4.547009192962155e-05,7276,6154,6.808896115981042,1068.60199892353,36873109504,31108308480,33749467136
681,10896,0.5448,1.1962077135040257,0.2813619375228882,4.534103662579642e-05,7068,5601,6.355089996941388,1112.1793717164865,36873109504,31108308480,33749467136
682,10912,0.5456,1.3306920749169808,0.2810943126678467,4.521201262479815e-05,7096,5967,6.5008091810159385,1091.5564205025698,36873109504,31108308480,33749467136
683,10928,0.5464,1.3465200492043485,0.2668095827102661,4.508302079351827e-05,7572,6297,7.202637610025704,1051.2815457298814,36873109504,31108308480,33749467136
684,10944,0.5472,1.2136491849662105,0.27188006043434143,4.495406199863218e-05,7573,6188,6.919718265067786,1094.408718665631,36873109504,31108308480,33749467136
685,10960,0.548,1.37998188757202,0.2739297151565552,4.482513710659332e-05,6779,5871,6.565749662928283,1032.47920618658,36873109504,31108308480,33749467136
686,10976,0.5488,1.1851065414292472,0.2954212427139282,4.469624698362734e-05,6608,5369,6.146545717958361,1075.075384324143,36873109504,31108308480,33749467136
687,10992,0.5496,1.181422542852434,0.2846032679080963,4.456739249572627e-05,7201,5967,6.8059861939400434,1058.0391723996843,36873109504,31108308480,33749467136
688,11008,0.5504,1.438887374076264,0.2613512873649597,4.443857450864276e-05,8045,6782,8.044052467681468,1000.1177929062918,36873109504,31108308480,33749467136
689,11024,0.5512,1.4761096368859066,0.2415590137243271,4.4309793887884135e-05,7907,6954,7.523233004845679,1051.0109144442474,36873109504,31108308480,33749467136
690,11040,0.552,1.4090028953166078,0.2702087461948395,4.418105149870673e-05,7294,5927,6.491893020924181,1123.5551751223454,36873109504,31108308480,33749467136
691,11056,0.5528,1.3597297532264105,0.2519550025463104,4.405234820611001e-05,7722,6626,7.217327167280018,1069.9251704991193,36873109504,31108308480,33749467136
692,11072,0.5536,1.4084255145180968,0.26223108172416687,4.3923684874830675e-05,7803,6612,7.125307938084006,1095.1105647369711,36873109504,31108308480,33749467136
693,11088,0.5544,1.2072291345031534,0.29290318489074707,4.3795062369337034e-05,7600,5986,6.815954710822552,1115.0308830445308,36873109504,31108308480,33749467136
694,11104,0.5552,1.3255438778682478,0.2715364098548889,4.3666481553823054e-05,7298,6272,6.60862931702286,1104.3137161894408,36873109504,31108308480,33749467136
695,11120,0.556,1.485580134012457,0.25531041622161865,4.3537943292202555e-05,7667,6411,7.1241375640966,1076.2004426527717,36873109504,31108308480,33749467136
696,11136,0.5568,1.476163020633188,0.2737431526184082,4.34094484481035e-05,7983,6371,7.867481521796435,1014.6830313974716,36873109504,31108308480,33749467136
697,11152,0.5576,0.9352425463000336,0.30918368697166443,4.3280997884862116e-05,5893,4989,5.113422883674502,1152.4570007331945,36873109504,31108308480,33749467136
698,11168,0.5584,1.540720441167494,0.26144397258758545,4.31525924655171e-05,7755,6704,7.2386729046702385,1071.3289717783266,36873109504,31108308480,33749467136
699,11184,0.5592,1.3249741253269811,0.28318172693252563,4.3024233052803855e-05,7007,5725,6.817745410837233,1027.7591165052797,36873109504,31108308480,33749467136
700,11200,0.56,1.4796060973532035,0.3277166783809662,4.289592050914867e-05,7661,6518,7.470645096153021,1025.4803837415595,36873109504,31108308480,33749467136
701,11216,0.5608,1.2405818021620711,0.30000564455986023,4.276765569666291e-05,6696,5421,5.902099505998194,1134.5115400367242,36873109504,31108308480,33749467136
702,11232,0.5616,1.3246028119586895,0.27474796772003174,4.263943947713727e-05,7136,5909,6.242605675943196,1143.1124069712798,36873109504,31108308480,33749467136
703,11248,0.5624,1.1750574176292576,0.280957967042923,4.251127271203593e-05,6954,5798,6.3928315988741815,1087.7808827663541,36873109504,31108308480,33749467136
704,11264,0.5632,1.0692502850332257,0.2872007191181183,4.238315626249081e-05,7083,5938,6.645335752982646,1065.8603663209817,36873109504,31108308480,33749467136
705,11280,0.564,1.3168317123688325,0.27603089809417725,4.2255090989295764e-05,7317,6022,6.67567728087306,1096.0685623561278,36873109504,31108308480,33749467136
706,11296,0.5648,1.273506556633309,0.2629496157169342,4.212707775290081e-05,7607,6534,8.568271912168711,887.810293368082,36873109504,31108308480,33749467136
707,11312,0.5656,1.3227749566473097,0.25465628504753113,4.199911741340631e-05,7661,6315,6.879318553954363,1113.6277437823128,36873109504,31108308480,33749467136
708,11328,0.5664,1.2293936652531254,0.2842647433280945,4.187121083055724e-05,6687,5776,6.317666616756469,1058.4604104091122,37569363968,31108308480,33749467136
709,11344,0.5672,1.5558874029402001,0.2519983947277069,4.1743358863737436e-05,7600,6557,6.798426846973598,1117.905681868627,39842676736,31108308480,33749467136
710,11360,0.568,1.256970710555902,0.29632121324539185,4.1615562371963654e-05,6482,5237,5.872647495940328,1103.7611238339962,39842676736,31108308480,33749467136
711,11376,0.5688,1.1934780941220713,0.2965327203273773,4.148782221388007e-05,6616,5464,5.859581844881177,1129.0908080377128,39842676736,31108308480,33749467136
712,11392,0.5696,1.2348828258750313,0.2853090465068817,4.136013924775228e-05,6698,5983,6.434041532687843,1041.0252973921802,39842676736,31108308480,33749467136
713,11408,0.5704,1.4854229416139713,0.26884207129478455,4.123251433146162e-05,7733,6470,7.0840960391797125,1091.6001077951826,39842676736,31108308480,33749467136
714,11424,0.5712,1.0335434164176007,0.2824235260486603,4.110494832249939e-05,7293,5925,7.377932501025498,988.4883060378104,39842676736,31108308480,33749467136
715,11440,0.572,1.3461272852389319,0.3010733127593994,4.097744207796119e-05,7665,6133,7.0590004762634635,1085.847780542623,39842676736,31108308480,33749467136
716,11456,0.5728,1.1553601166069443,0.3101576864719391,4.084999645454094e-05,6524,5566,6.179957645013928,1055.6706655204425,39842676736,31108308480,33749467136
717,11472,0.5736,1.250488693468657,0.2959915101528168,4.0722612308525335e-05,6959,5837,6.518910008016974,1067.50975108443,39842676736,31108308480,33749467136
718,11488,0.5744,1.4546062326715463,0.27038466930389404,4.059529049578802e-05,7409,6376,6.773800164926797,1093.7730401853487,39842676736,31108308480,33749467136
719,11504,0.5752,1.483423290561133,0.25944361090660095,4.0468031871783796e-05,7479,6547,6.710207380820066,1114.570619885369,39842676736,31108308480,33749467136
720,11520,0.576,1.4142153359579979,0.2909117043018341,4.034083729154291e-05,7624,6128,7.239635617937893,1053.0916750989172,39842676736,31108308480,33749467136
721,11536,0.5768,1.3673529202633112,0.27625855803489685,4.021370760966536e-05,7447,6309,7.414545495994389,1004.3771400449486,39842676736,31108308480,33749467136
722,11552,0.5776,1.4148200892223186,0.2628629803657532,4.008664368031503e-05,8124,6512,7.841130449902266,1036.0750980875798,39842676736,31108308480,33749467136
723,11568,0.5784,1.4895357208989184,0.27004632353782654,3.9959646357214084e-05,7031,6054,7.029567587189376,1000.2037696903625,39842676736,31108308480,33749467136
724,11584,0.5792,1.5014600720119347,0.24619002640247345,3.9832716493637127e-05,9018,7330,8.918280103243887,1011.1815165706493,39842676736,31108308480,33749467136
725,11600,0.58,1.281813764256764,0.2926759719848633,3.970585494240554e-05,6940,5632,5.968380112200975,1162.7945723183368,39842676736,31108308480,33749467136
726,11616,0.5808,1.640324318345144,0.25357717275619507,3.9579062555881734e-05,7885,6911,8.059115767013282,978.3951773312459,39842676736,31108308480,33749467136
727,11632,0.5816,1.6036153660573629,0.2398090958595276,3.945234018596335e-05,8437,7345,7.6408435348421335,1104.197456933571,39842676736,31108308480,33749467136
728,11648,0.5824,1.4357140234329466,0.2580035626888275,3.9325688684077675e-05,7489,6518,7.002717675175518,1069.4419434540882,39842676736,31108308480,33749467136
729,11664,0.5832,1.4606011827452525,0.2623134255409241,3.919910890117584e-05,7609,6301,7.54829805996269,1008.0418048618512,39842676736,31108308480,33749467136
730,11680,0.584,1.387231383339471,0.26152467727661133,3.907260168772703e-05,7520,6488,7.042800594121218,1067.757051971216,39842676736,31108308480,33749467136
731,11696,0.5848,1.3760451806445053,0.26012396812438965,3.894616789371291e-05,7670,6467,7.5834186328575015,1011.4171947157655,39842676736,31108308480,33749467136
732,11712,0.5856,1.4718149827064642,0.26717129349708557,3.8819808368621894e-05,7863,6767,7.221638846676797,1088.8110257159067,39842676736,31108308480,33749467136
733,11728,0.5864,1.4598881285285796,0.23598775267601013,3.8693523961443274e-05,8917,7412,8.477589000947773,1051.8320714772917,39842676736,31108308480,33749467136
734,11744,0.5872,1.1684340658554335,0.30502694845199585,3.856731552066173e-05,6567,5569,6.578595018945634,998.2374627238427,39842676736,31108308480,33749467136
735,11760,0.588,1.2531027374537331,0.2758677899837494,3.844118389425153e-05,7593,6399,7.945801800116897,955.598967984363,39842676736,31108308480,33749467136
736,11776,0.5888,1.5664371197553695,0.2655554711818695,3.831512992967079e-05,7912,6769,7.550992290955037,1047.8093070598677,39842676736,31108308480,33749467136
737,11792,0.5896,1.5599034860688663,0.2419767677783966,3.8189154473855877e-05,8259,7180,7.726642972789705,1068.8988774407014,39842676736,31108308480,33749467136
738,11808,0.5904,1.5156309665843126,0.2511947453022003,3.806325837321565e-05,7474,6545,7.1642868388444185,1043.2301453197451,39842676736,31108308480,33749467136
739,11824,0.5912,1.5542011383261913,0.266579270362854,3.7937442473625786e-05,7375,6337,6.699509211815894,1100.8269063937917,39842676736,31108308480,33749467136
740,11840,0.592,1.3189376625955476,0.2659526765346527,3.7811707620423114e-05,7539,6440,7.41140419524163,1017.2161443900592,39842676736,31108308480,33749467136
741,11856,0.5928,1.6598821439466425,0.24901248514652252,3.7686054658399935e-05,8147,7240,7.349497715011239,1108.5111276869811,39842676736,31108308480,33749467136
742,11872,0.5936,1.3086718221903582,0.2654428482055664,3.756048443179832e-05,7725,6488,6.974363940767944,1107.6278877338605,39842676736,31108308480,33749467136
743,11888,0.5944,1.0608660268088828,0.3133201003074646,3.743499778430445e-05,6031,5079,5.99251914722845,1006.4214818219392,39842676736,31108308480,33749467136
744,11904,0.5952,1.4791146696448554,0.286721795797348,3.730959555904298e-05,7251,6284,6.475598816294223,1119.742004670622,39842676736,31108308480,33749467136
745,11920,0.596,1.2674248138675117,0.25572049617767334,3.71842785985713e-05,7640,6650,7.558229455724359,1010.8187432988967,39842676736,31108308480,33749467136
746,11936,0.5968,0.8239461068342623,0.34103935956954956,3.705904774487396e-05,6165,4853,5.423316088039428,1136.7583780698824,39842676736,31108308480,33749467136
747,11952,0.5976,1.47127853784956,0.27009057998657227,3.693390383935698e-05,7702,6304,7.41645073518157,1038.502145435129,39842676736,31108308480,33749467136
748,11968,0.5984,1.5721889711487675,0.2602527141571045,3.680884772284212e-05,7788,6829,7.323448822833598,1063.4333888861202,39842676736,31108308480,33749467136
749,11984,0.5992,1.3082875864746308,0.2834826111793518,3.668388023556138e-05,7051,5957,6.365402927156538,1107.706783166627,39842676736,31108308480,33749467136
750,12000,0.6,1.4169892485457647,0.25873106718063354,3.6559002217151254e-05,7937,6921,7.470898231957108,1062.3889863803954,39842676736,31108308480,33749467136
751,12016,0.6008,1.4187254836193526,0.26230642199516296,3.643421450664706e-05,7804,6603,7.54202880943194,1034.7348435265114,39842676736,31108308480,33749467136
752,12032,0.6016,1.5618806692908054,0.24828112125396729,3.63095179424774e-05,8391,7058,7.575547926127911,1107.642652627094,39842676736,31108308480,33749467136
753,12048,0.6024,1.3027256678691315,0.2987019121646881,3.618491336245849e-05,7174,5822,7.162958127912134,1001.5415240310897,39842676736,31108308480,33749467136
754,12064,0.6032,1.4214081075426097,0.28501972556114197,3.606040160378848e-05,7374,6118,6.557936466298997,1124.439072853896,39842676736,31108308480,33749467136
755,12080,0.604,1.284751912290202,0.28147071599960327,3.5935983503041866e-05,6677,5922,6.347465391270816,1051.9159362699902,39842676736,31108308480,33749467136
756,12096,0.6048,1.2941414660922987,0.29579228162765503,3.581165989616392e-05,6484,5551,6.587123760953546,984.3446449928826,39842676736,31108308480,33749467136
757,12112,0.6056,1.2879363329367806,0.2786218523979187,3.5687431618464974e-05,6910,5912,6.720835032872856,1028.146051227549,39842676736,31108308480,33749467136
758,12128,0.6064,1.459305058768088,0.2535180449485779,3.556329950461488e-05,7908,6912,6.8604684439487755,1152.6909663107906,39842676736,31108308480,33749467136
759,12144,0.6072,1.3040351103448131,0.2737564444541931,3.5439264388637405e-05,6772,5830,6.193708378821611,1093.3675894647806,39842676736,31108308480,33749467136
760,12160,0.608,1.1883196182907851,0.30083969235420227,3.531532710390455e-05,7107,5938,6.666140502784401,1066.1341441920486,39842676736,31108308480,33749467136
761,12176,0.6088,1.4243145944041555,0.2800837755203247,3.519148848313103e-05,7295,6253,6.551336415112019,1113.5132647397816,39842676736,31108308480,33749467136
762,12192,0.6096,1.340508049092621,0.29556670784950256,3.506774935836868e-05,6565,5595,5.869149878621101,1118.5606324203093,39842676736,31108308480,33749467136
763,12208,0.6104,1.4423976430715395,0.26026010513305664,3.494411056100078e-05,8439,6929,7.753580360673368,1088.4004043864848,39842676736,31108308480,33749467136
764,12224,0.6112,1.6894492326911787,0.2455165684223175,3.482057292173658e-05,8573,7408,7.873519656248391,1088.8396008761476,39842676736,31108308480,33749467136
765,12240,0.612,1.5793006151704425,0.2528421878814697,3.469713727060564e-05,8159,7090,7.521553982980549,1084.749244432977,39842676736,31108308480,33749467136
766,12256,0.6128,1.1598043055621148,0.2880284786224365,3.457380443695226e-05,7026,5989,6.659164402168244,1055.0873316346288,39842676736,31108308480,33749467136
767,12272,0.6136,1.5090919432277095,0.25345805287361145,3.445057524942997e-05,7722,6726,7.172415784094483,1076.6247011396456,39930757120,31108308480,33749467136
768,12288,0.6144,1.0843076567953511,0.3174055218696594,3.4327450535995906e-05,5943,5119,5.315916187129915,1117.9634499107199,39930757120,31108308480,33749467136
769,12304,0.6152,1.2786056830319994,0.30727219581604004,3.42044311239052e-05,5901,5001,5.713762519881129,1032.7695593695703,39930757120,31108308480,33749467136
770,12320,0.616,1.3259772095669877,0.283132940530777,3.408151783970556e-05,6801,5984,6.138444389682263,1107.9354260228188,39930757120,31108308480,33749467136
771,12336,0.6168,1.375078024512565,0.2683122754096985,3.395871150923163e-05,6995,5865,6.305983370169997,1109.2639465383538,39930757120,31108308480,33749467136
772,12352,0.6176,1.480683285695251,0.24351248145103455,3.3836012957599375e-05,8471,7334,8.386043945793062,1010.1306473894114,39930757120,31108308480,33749467136
773,12368,0.6184,1.35282839880235,0.287462443113327,3.371342300920071e-05,6708,5791,6.112288917880505,1097.461211360091,39930757120,31108308480,33749467136
774,12384,0.6192,1.258950108078414,0.30614206194877625,3.359094248769777e-05,6540,5698,6.491766610182822,1007.4299328231425,39930757120,31108308480,33749467136
775,12400,0.62,1.2723828261664074,0.3009978234767914,3.3468572216017535e-05,7013,5924,6.195288843009621,1131.9891901267902,39930757120,31108308480,33749467136
776,12416,0.6208,1.2188032074071047,0.27329614758491516,3.334631301634623e-05,7403,5884,7.326814727857709,1010.3981436643434,39930757120,31108308480,33749467136
777,12432,0.6216,1.4533166913719182,0.2620895802974701,3.3224165710123756e-05,7195,6393,6.890913411043584,1044.1286330008265,39930757120,31108308480,33749467136
778,12448,0.6224,1.0599568404452868,0.2938278913497925,3.310213111803827e-05,7279,5905,6.757106909062713,1077.236174883857,39930757120,31108308480,33749467136
779,12464,0.6232,1.5172926051762783,0.25281640887260437,3.29802100600206e-05,7733,6788,7.194355344865471,1074.8704545875612,39930757120,31108308480,33749467136
780,12480,0.624,1.416926809586844,0.24512070417404175,3.2858403355238745e-05,8488,7182,7.446921180002391,1139.7998978145858,39930757120,31108308480,33749467136
781,12496,0.6248,1.2270624466223854,0.28143376111984253,3.2736711822092406e-05,7260,6302,6.627070629037917,1095.5066584304639,39930757120,31108308480,33749467136
782,12512,0.6256,1.493291599976696,0.2588346600532532,3.261513627820747e-05,8098,7031,7.498409166932106,1079.9624053208622,39930757120,31108308480,33749467136
783,12528,0.6264,1.386712102190606,0.2888147830963135,3.249367754043047e-05,7144,6003,6.39768613409251,1116.653716713371,39930757120,31108308480,33749467136
784,12544,0.6272,1.2994603310409274,0.2675052881240845,3.237233642482317e-05,7350,6338,6.7729599960148335,1085.1976099555723,39930757120,31108308480,33749467136
785,12560,0.628,1.3618515805129483,0.2723219394683838,3.225111374665707e-05,6781,6006,6.344817216042429,1068.7463120063906,39930757120,31108308480,33749467136
786,12576,0.6288,1.2773111479394523,0.2913193106651306,3.2130010320407824e-05,6662,5889,6.228329924866557,1069.6286292416878,39930757120,31108308480,33749467136
787,12592,0.6296,1.3510647718375328,0.2845038175582886,3.200902695974995e-05,6870,5697,6.681872917804867,1028.1548428875144,39930757120,31108308480,33749467136
788,12608,0.6304,1.2842751285413239,0.2962249219417572,3.188816447755124e-05,6760,5371,6.6643374362029135,1014.3543997753499,39930757120,31108308480,33749467136
789,12624,0.6312,1.3525962212748492,0.3088632822036743,3.176742368586725e-05,6561,5360,6.148682201746851,1067.0579133421481,39930757120,31108308480,33749467136
790,12640,0.632,1.21571951807286,0.2835026979446411,3.1646805395935994e-05,7134,6035,6.875572462100536,1037.5863303490678,39930757120,31108308480,33749467136
791,12656,0.6328,1.306436126705646,0.29294291138648987,3.152631041817244e-05,6958,5856,6.169009787030518,1127.8957628869748,39930757120,31108308480,33749467136
792,12672,0.6336,1.2223131761296868,0.27861979603767395,3.1405939562162937e-05,7074,5969,6.201592233963311,1140.674803038308,39930757120,31108308480,33749467136
793,12688,0.6344,1.3044267226547082,0.25909700989723206,3.128569363665995e-05,7651,6381,6.9484302760101855,1101.112006033287,39930757120,31108308480,33749467136
794,12704,0.6352,1.4709649499701516,0.2605952322483063,3.116557344957658e-05,7460,6299,6.732532490044832,1108.0525806642372,39930757120,31108308480,33749467136
795,12720,0.636,1.6098679488245118,0.2509700357913971,3.104557980798104e-05,8116,6973,7.5773922288790345,1071.0808883652899,39930757120,31108308480,33749467136
796,12736,0.6368,1.5112153719717534,0.29261747002601624,3.092571351809135e-05,7062,5970,6.40974151622504,1101.7604972250272,39930757120,31108308480,33749467136
797,12752,0.6376,1.3766363108338058,0.27845650911331177,3.080597538526988e-05,7136,6161,6.207728547975421,1149.5348008294152,39930757120,31108308480,33749467136
798,12768,0.6384,1.1929813392679838,0.31198960542678833,3.06863662140179e-05,6366,5533,5.5192047180607915,1153.427047046868,39930757120,31108308480,33749467136
799,12784,0.6392,1.6314622784539101,0.24843762814998627,3.056688680797024e-05,8343,7330,7.9403407401405275,1050.7105769181824,39930757120,31108308480,33749467136
800,12800,0.64,1.1570647188685643,0.3133627474308014,3.044753796988985e-05,7100,5659,6.337848317343742,1120.2540112186975,39930757120,31108308480,33749467136
801,12816,0.6408,1.4067685641550534,0.24897053837776184,3.032832050166239e-05,8125,7002,7.246370524633676,1121.2509727979639,39930757120,31108308480,33749467136
802,12832,0.6416,1.4176126270778446,0.28959035873413086,3.0209235204290887e-05,7384,6105,6.430895999073982,1148.207030725308,39930757120,31108308480,33749467136
803,12848,0.6424,1.458184837781371,0.26353907585144043,3.0090282877890374e-05,7961,6963,7.7881831848062575,1022.1896186944967,39930757120,31108308480,33749467136
804,12864,0.6432,1.2897255970881536,0.2961229979991913,2.9971464321682362e-05,6853,5798,6.2229173090308905,1101.25197872302,39930757120,31108308480,33749467136
805,12880,0.644,1.3375843380561419,0.28202876448631287,2.9852780333989704e-05,7621,6230,6.789493250660598,1122.4696333939942,39930757120,31108308480,33749467136
806,12896,0.6448,1.4328451314799602,0.28980138897895813,2.973423171223107e-05,7297,6255,6.536660317797214,1116.3192892450945,39930757120,31108308480,33749467136
807,12912,0.6456,1.2670875075508197,0.3012194335460663,2.9615819252915565e-05,6635,5628,6.461870647966862,1026.792450896183,39930757120,31108308480,33749467136
808,12928,0.6464,1.2919399806972094,0.3034982979297638,2.9497543751637506e-05,6607,5417,6.519454855006188,1013.4282922331439,39930757120,31108308480,33749467136
809,12944,0.6472,1.473979309049466,0.23119737207889557,2.9379406003071035e-05,9080,7658,8.209320017136633,1106.0599393184643,39930757120,31108308480,33749467136
810,12960,0.648,1.3616139909402538,0.2583789825439453,2.9261406800964662e-05,7762,6469,7.130265237297863,1088.5990551091397,39930757120,31108308480,33749467136
811,12976,0.6488,1.4487013792549035,0.27916085720062256,2.914354693813609e-05,7253,6087,6.694635498803109,1083.4047650983714,39930757120,31108308480,33749467136
812,12992,0.6496,1.3212862591937655,0.28262650966644287,2.902582720646685e-05,6855,5967,6.786379192024469,1010.1115493304848,39930757120,31108308480,33749467136
813,13008,0.6504,1.0434717851955788,0.3104308545589447,2.890824839689689e-05,6357,5310,5.8099211431108415,1094.1628713046925,39930757120,31108308480,33749467136
814,13024,0.6512,1.2890728164608605,0.2971642315387726,2.8790811299419336e-05,6614,5522,6.34180848300457,1042.920172964049,39930757120,31108308480,33749467136
815,13040,0.652,1.5358202657976565,0.2669551968574524,2.867351670307525e-05,7288,6387,6.713573949411511,1085.5618862496988,39930757120,31108308480,33749467136
816,13056,0.6528,1.281911239761712,0.25769880414009094,2.8556365395948103e-05,7998,6580,7.7510581677779555,1031.85911224981,39930757120,31108308480,33749467136
817,13072,0.6536,1.3771755094184017,0.2742231488227844,2.843935816515877e-05,7050,6179,6.455949944909662,1092.0159016348523,39930757120,31108308480,33749467136
818,13088,0.6544,1.2497061686636453,0.28261467814445496,2.8322495796860084e-05,6586,5652,5.964881645981222,1104.1292000214705,39930757120,31108308480,33749467136
819,13104,0.6552,1.2492157756774551,0.2816011607646942,2.8205779076231447e-05,7537,5870,7.369791194330901,1022.688404767522,39930757120,31108308480,33749467136
820,13120,0.656,1.4418527477281837,0.2610717713832855,2.808920878747381e-05,8402,6893,8.0870819427073,1038.9408762670798,39930757120,31108308480,33749467136
821,13136,0.6568,1.4459815732843038,0.26523488759994507,2.7972785713804263e-05,7684,6513,7.440523294266313,1032.723062089102,39930757120,31108308480,33749467136
822,13152,0.6576,1.287598584954803,0.277361124753952,2.7856510637450668e-05,8053,6660,7.32116977032274,1099.9608331231198,39930757120,31108308480,33749467136
823,13168,0.6584,1.2908248698433085,0.2930442988872528,2.774038433964665e-05,6873,5654,6.1266736118122935,1121.8159209181279,39930757120,31108308480,33749467136
824,13184,0.6592,1.2926761945577057,0.2794659733772278,2.7624407600626145e-05,7270,6184,6.6643592258915305,1090.8775703079616,39930757120,31108308480,33749467136
825,13200,0.66,1.2213442877304455,0.30086708068847656,2.750858119961821e-05,6722,5566,6.462755345273763,1040.1136420730863,39930757120,31108308480,33749467136
826,13216,0.6608,1.233980989152102,0.29012608528137207,2.7392905914841882e-05,7006,5959,6.4215581701137125,1091.012463704886,39930757120,31108308480,33749467136
827,13232,0.6616,1.0137456682311345,0.3184150457382202,2.7277382523500807e-05,7040,5247,7.659930477384478,919.0683937387175,39930757120,31108308480,33749467136
828,13248,0.6624,1.4347341453767495,0.27254223823547363,2.7162011801778076e-05,8234,6380,8.403851385693997,979.788863712757,39930757120,31108308480,33749467136
829,13264,0.6632,1.343361834487314,0.27846795320510864,2.7046794524831088e-05,7129,6030,6.75893770577386,1054.751546816301,39930757120,31108308480,33749467136
830,13280,0.664,1.0469267528339967,0.29279908537864685,2.693173146678621e-05,7462,5900,6.8734887219034135,1085.620461734549,39930757120,31108308480,33749467136
831,13296,0.6648,1.5444426386090877,0.2493222951889038,2.6816823400733625e-05,8509,7463,7.791735915932804,1092.0544653727945,39930757120,31108308480,33749467136
832,13312,0.6656,1.041349926157816,0.3145611882209778,2.6702071098722253e-05,6724,5209,6.09516489924863,1103.1694976503243,39930757120,31108308480,33749467136
833,13328,0.6664,1.488502731680252,0.269290953874588,2.65874753317543e-05,7690,6558,7.82764681102708,982.415301258461,39930757120,31108308480,33749467136
834,13344,0.6672,1.4942563571994323,0.25383687019348145,2.6473036869780353e-05,8429,7035,7.711142481304705,1093.0935358068803,39930757120,31108308480,33749467136
835,13360,0.668,1.5480270624815313,0.2436353862285614,2.6358756481694114e-05,8385,7285,7.893317085225135,1062.2910380345934,39930757120,31108308480,33749467136
836,13376,0.6688,1.2848939923218148,0.2848389744758606,2.6244634935327085e-05,7386,5963,7.084369054064155,1042.576966788991,39930757120,31108308480,33749467136
837,13392,0.6696,1.3699661387135895,0.2885291576385498,2.613067299744364e-05,6858,5648,5.9695576201193035,1148.8288473648975,39930757120,31108308480,33749467136
838,13408,0.6704,1.3329195813136425,0.2896307706832886,2.601687143373579e-05,7023,5777,6.529713673982769,1075.544863166466,39930757120,31108308480,33749467136
839,13424,0.6712,1.0503575833746797,0.33072519302368164,2.5903231008817885e-05,6289,5064,5.7248560967855155,1098.5428967430726,39930757120,31108308480,33749467136
840,13440,0.672,1.464676298150835,0.270520955324173,2.578975248622175e-05,7644,6524,7.016430148854852,1089.4428987150359,39930757120,31108308480,33749467136
841,13456,0.6728,1.3311873131604768,0.30192914605140686,2.5676436628391354e-05,7026,5842,6.645174123812467,1057.3086376808205,39930757120,31108308480,33749467136
842,13472,0.6736,1.2332189778532352,0.2681383788585663,2.5563284196677716e-05,7828,6555,7.580654039047658,1032.628577914026,39930757120,31108308480,33749467136
843,13488,0.6744,1.5143554837726176,0.24640776216983795,2.5450295951333896e-05,8718,7533,8.008756431285292,1088.558514021494,39930757120,31108308480,33749467136
844,13504,0.6752,1.3207818550083477,0.2628234028816223,2.5337472651509763e-05,7575,6578,7.263219691812992,1042.9259090893868,39930757120,31108308480,33749467136
845,13520,0.676,1.2705789290304115,0.29495030641555786,2.5224815055246918e-05,7200,6012,6.389789131004363,1126.797747528843,39930757120,31108308480,33749467136
846,13536,0.6768,1.2246688092622953,0.3050406277179718,2.511232391947372e-05,6385,5507,5.813368582166731,1098.3304962955253,39930757120,31108308480,33749467136
847,13552,0.6776,1.3802780949048417,0.27869540452957153,2.500000000000001e-05,7369,6083,7.025175289716572,1048.9417980483302,39930757120,31108308480,33749467136
848,13568,0.6784,1.358778500007443,0.2897563576698303,2.488784405151216e-05,6975,5814,6.1625572941266,1131.835318861493,39930757120,31108308480,33749467136
849,13584,0.6792,1.3161360459825013,0.25974926352500916,2.4775856827568016e-05,7553,6520,6.91147101810202,1092.820903135922,39930757120,31108308480,33749467136
850,13600,0.68,1.1821741299766424,0.320377379655838,2.4664039080591732e-05,6579,5317,5.955413423012942,1104.7092003012572,39930757120,31108308480,33749467136
851,13616,0.6808,1.3780809219568044,0.2819424867630005,2.4552391561868783e-05,7358,6130,6.893306041136384,1067.4123499073617,39930757120,31108308480,33749467136
852,13632,0.6816,1.0564789875369285,0.3065233528614044,2.444091502154095e-05,6032,4949,5.811599561013281,1037.9242300975552,39930757120,31108308480,33749467136
853,13648,0.6824,1.221064898959653,0.2784448564052582,2.4329610208601195e-05,7554,6189,7.408430807758123,1019.6491262480898,39930757120,31108308480,33749467136
854,13664,0.6832,1.5381372706138945,0.2592911422252655,2.4218477870888684e-05,7683,6567,6.684574185870588,1149.3626649009025,39930757120,31108308480,33749467136
855,13680,0.684,1.365009205771511,0.2716834843158722,2.410751875508373e-05,7378,6274,6.8597947880625725,1075.5423781538202,39930757120,31108308480,33749467136
856,13696,0.6848,1.1679043092900119,0.3059685528278351,2.3996733606702853e-05,6908,5917,6.682130916975439,1033.8019541716487,39930757120,31108308480,33749467136
857,13712,0.6856,1.3836097215873484,0.26979026198387146,2.388612317009366e-05,7327,6248,6.846482787281275,1070.1845352786665,39930757120,31108308480,33749467136
858,13728,0.6864,1.2925634401155324,0.2693854570388794,2.3775688188429896e-05,7305,6276,6.755344085395336,1081.366087005544,39930757120,31108308480,33749467136
859,13744,0.6872,1.1457861507399139,0.2800060212612152,2.3665429403706506e-05,6716,5906,5.922987282741815,1133.8872902139833,39930757120,31108308480,33749467136
860,13760,0.688,0.9878465444853408,0.30066198110580444,2.3555347556734542e-05,6826,5522,6.644469123799354,1027.3205989550668,39930757120,31108308480,33749467136
861,13776,0.6888,1.4052805977465106,0.2810172140598297,2.3445443387136244e-05,7580,6465,6.871887163259089,1103.0448870765624,39930757120,31108308480,33749467136
862,13792,0.6896,1.446462150347133,0.26150619983673096,2.3335717633340108e-05,7982,6696,7.286224524024874,1095.491907184708,39930757120,31108308480,33749467136
863,13808,0.6904,1.2797248596274917,0.276317298412323,2.3226171032575856e-05,7678,6258,7.014850862789899,1094.535030064254,39930757120,31108308480,33749467136
864,13824,0.6912,1.3599165009149314,0.2744898796081543,2.3116804320869467e-05,7697,6441,7.531958524137735,1021.9121594115734,39930757120,31108308480,33749467136
865,13840,0.692,1.1809339722276235,0.2819674015045166,2.3007618233038373e-05,6800,5704,6.06417340785265,1121.3399655086562,39930757120,31108308480,33749467136
866,13856,0.6928,1.1742911707773298,0.2851635813713074,2.289861350268634e-05,7249,6087,6.549998091068119,1106.7178797937472,39930757120,31108308480,33749467136
867,13872,0.6936,1.2126128930789943,0.3047255575656891,2.2789790862198628e-05,6453,5429,6.188406332395971,1042.7563500830408,39930757120,31108308480,33749467136
868,13888,0.6944,1.1693427006987287,0.33741307258605957,2.2681151042737127e-05,5903,5174,5.317801208235323,1110.0452553319253,39930757120,31108308480,33749467136
869,13904,0.6952,1.4595905218540939,0.26212045550346375,2.257269477423532e-05,7703,6628,7.045545243658125,1093.314957693823,39930757120,31108308480,33749467136
870,13920,0.696,1.1680644942471794,0.2608102858066559,2.246442278539344e-05,7232,6452,6.792154689785093,1064.7578464130686,39930757120,31108308480,33749467136
871,13936,0.6968,1.351406937380203,0.23869743943214417,2.2356335803673656e-05,8393,7506,7.798124552238733,1076.284425027616,39930757120,31108308480,33749467136
872,13952,0.6976,1.5653896758981352,0.27983102202415466,2.224843455529496e-05,7522,6474,7.050362071022391,1066.8955614231618,39930757120,31108308480,33749467136
873,13968,0.6984,1.359179778339327,0.2706840932369232,2.2140719765228584e-05,7565,6450,7.566971780266613,999.7394228069206,39930757120,31108308480,33749467136
874,13984,0.6992,1.2999865532258137,0.29443806409835815,2.203319215719288e-05,6902,5664,6.085136786103249,1134.2390882259604,39930757120,31108308480,33749467136
875,14000,0.7,1.2822047691779448,0.2846411466598511,2.192585245364856e-05,7266,5820,6.4249594383873045,1130.9020811225232,39930757120,31108308480,33749467136
876,14016,0.7008,1.3279634648271985,0.2970213294029236,2.18187013757939e-05,7366,6218,6.84988593775779,1075.346373199778,39930757120,31108308480,33749467136
877,14032,0.7016,1.2371386423154738,0.3139308989048004,2.1711739643559764e-05,7134,5882,7.0149328438565135,1016.9733850335805,39930757120,31108308480,33749467136
878,14048,0.7024,1.339635707641339,0.2840326130390167,2.1604967975604844e-05,7102,5899,6.23455398902297,1139.1352152061434,39930757120,31108308480,33749467136
879,14064,0.7032,1.4703560005662715,0.2756067216396332,2.1498387089310868e-05,7386,6099,6.773980046156794,1090.3486502282265,39930757120,31108308480,33749467136
880,14080,0.704,1.307698137158013,0.27488934993743896,2.139199770077768e-05,7143,5860,6.733851249329746,1060.7599923908297,39930757120,31108308480,33749467136
881,14096,0.7048,1.1325568997473179,0.3148336410522461,2.128580052481848e-05,6737,5517,6.201076202094555,1086.4243206242852,39930757120,31108308480,33749467136
882,14112,0.7056,1.2628178919617568,0.29229721426963806,2.1179796274955073e-05,7006,5866,6.941349220927805,1009.3138634888555,39930757120,31108308480,33749467136
883,14128,0.7064,1.612824742632748,0.2567744553089142,2.1073985663412983e-05,8290,7258,7.623591607902199,1087.413967900253,39930757120,31108308480,33749467136
884,14144,0.7072,1.275346752920583,0.2862236499786377,2.0968369401116693e-05,7939,5803,8.121473839972168,977.5319303407626,39930757120,31108308480,33749467136
885,14160,0.708,1.347779250758608,0.2820206582546234,2.0862948197684955e-05,7251,6061,6.7632729089818895,1072.114063350954,39930757120,31108308480,33749467136
886,14176,0.7088,1.2845191030808272,0.2869490087032318,2.0757722761425892e-05,7384,6390,7.2262143306434155,1021.8351770563295,39930757120,31108308480,33749467136
887,14192,0.7096,1.4674024363339453,0.27033254504203796,2.0652693799332284e-05,8176,7183,7.655123525299132,1068.042856915299,39930757120,31108308480,33749467136
888,14208,0.7104,1.423541731985962,0.2763559818267822,2.054786201707693e-05,7363,6104,6.567734913900495,1121.0866602451235,39930757120,31108308480,33749467136
889,14224,0.7112,1.1920097658543714,0.3037165403366089,2.044322811900767e-05,6443,5376,5.827332579065114,1105.6516703966222,39930757120,31108308480,33749467136
890,14240,0.712,1.260397429575259,0.3062538504600525,2.0338792808142887e-05,6255,5424,6.018317473120987,1039.3270258566592,39930757120,31108308480,33749467136
891,14256,0.7128,1.469397782100796,0.25966066122055054,2.0234556786166715e-05,7628,6726,7.030057643074542,1085.0551143793969,39930757120,31108308480,33749467136
892,14272,0.7136,1.3177852401175503,0.2565779983997345,2.0130520753424176e-05,7730,6718,7.011605516076088,1102.4579152772912,39930757120,31108308480,33749467136
893,14288,0.7144,1.505173901419299,0.2662186026573181,2.00266854089167e-05,7281,6343,6.678797321859747,1090.1663352126645,39930757120,31108308480,33749467136
894,14304,0.7152,1.5630337727167798,0.257842093706131,1.9923051450297336e-05,8342,7181,8.08427264681086,1031.880091685281,39930757120,31108308480,33749467136
895,14320,0.716,1.2363215736130524,0.29545527696609497,1.9819619573865934e-05,7242,6014,6.849628044757992,1057.28368791387,39930757120,31108308480,33749467136
896,14336,0.7168,1.3745701977121223,0.28022342920303345,1.971639047456473e-05,7417,6157,6.543493459932506,1133.4923837574224,39930757120,31108308480,33749467136
897,14352,0.7176,1.3789306296711823,0.2956157624721527,1.961336484597343e-05,7428,6041,6.627287482842803,1120.8205497694403,39930757120,31108308480,33749467136
898,14368,0.7184,1.3092967639876643,0.2738088369369507,1.9510543380304685e-05,7188,6118,6.486113504040986,1108.2137239075023,39930757120,31108308480,33749467136
899,14384,0.7192,1.4959918221956738,0.2736455798149109,1.9407926768399452e-05,7444,6606,7.139517975971103,1042.6474203235664,39930757120,31108308480,33749467136
900,14400,0.72,1.0334443774041613,0.33114489912986755,1.9305515699722243e-05,6179,5012,5.640615724958479,1095.4477846557227,39930757120,31108308480,33749467136
901,14416,0.7208,1.3224803019823084,0.2865965664386749,1.9203310862356577e-05,6951,5917,5.8438619039952755,1189.4531585778589,39930757120,31108308480,33749467136
902,14432,0.7216,1.2798277228845794,0.2877821922302246,1.910131294300037e-05,7323,6229,6.500699931290001,1126.4940817760253,39930757120,31108308480,33749467136
903,14448,0.7224,1.3255873560322848,0.2685023546218872,1.899952262696125e-05,7384,6343,6.899907222017646,1070.1593169887287,39930757120,31108308480,33749467136
904,14464,0.7232,1.2303937712456572,0.2950490713119507,1.8897940598151998e-05,7180,5947,6.83141822880134,1051.0262670976629,39930757120,31108308480,33749467136
905,14480,0.724,1.259329422677612,0.2593368887901306,1.879656753908598e-05,8008,6662,7.186221338342875,1114.3547662903777,39930757120,31108308480,33749467136
906,14496,0.7248,1.3235385674198705,0.2790756821632385,1.869540413087249e-05,7467,6187,6.827384716831148,1093.6837910411064,39930757120,31108308480,33749467136
907,14512,0.7256,1.3087390615300054,0.2790028154850006,1.8594451053212208e-05,7324,6124,6.682712079025805,1095.9622251251742,39930757120,31108308480,33749467136
908,14528,0.7264,1.5134081439004317,0.29349181056022644,1.8493708984392683e-05,7370,6229,7.307338806800544,1008.5751044061541,39930757120,31108308480,33749467136
909,14544,0.7272,1.2223046284272439,0.30145463347435,1.8393178601283683e-05,6705,5760,5.977550906594843,1121.6968462121479,39930757120,31108308480,33749467136
910,14560,0.728,1.3296491763573806,0.27877333760261536,1.8292860579332704e-05,7669,6372,7.1335950386710465,1075.0540167232,39930757120,31108308480,33749467136
911,14576,0.7288,1.238330606908786,0.3019880950450897,1.8192755592560445e-05,6387,5481,5.844412181060761,1092.8387324729651,39930757120,31108308480,33749467136
912,14592,0.7296,1.4695561700968496,0.24338026344776154,1.8092864313556234e-05,8787,7742,8.15228271484375,1077.8576145305353,39930757120,31108308480,33749467136
913,14608,0.7304,1.458982936012286,0.26538941264152527,1.7993187413473533e-05,8500,7039,7.9577270252630115,1068.1442041195257,39930757120,31108308480,33749467136
914,14624,0.7312,1.469031723290474,0.2633911669254303,1.7893725562025415e-05,8406,7170,7.470368342939764,1125.245719368644,39930757120,31108308480,33749467136
915,14640,0.732,1.5507491026664788,0.27559149265289307,1.7794479427480117e-05,8296,6649,7.64543831627816,1085.0914828959783,39930757120,31108308480,33749467136
916,14656,0.7328,1.3549764294608233,0.26750728487968445,1.769544967665647e-05,7438,6518,7.21289884718135,1031.2081394163201,39930757120,31108308480,33749467136
917,14672,0.7336,1.2785435618760663,0.3034261465072632,1.759663697491944e-05,6078,5326,5.618044289760292,1081.871143500603,39930757120,31108308480,33749467136
918,14688,0.7344,1.4536252735738608,0.2837519645690918,1.7498041986175757e-05,6847,5930,6.689337778836489,1023.5691822383851,39930757120,31108308480,33749467136
919,14704,0.7352,1.0644964978573577,0.32815125584602356,1.739966537286929e-05,6244,5148,5.5776159185916185,1119.4747166414154,39930757120,31108308480,33749467136
920,14720,0.736,1.2356734274101704,0.3153356611728668,1.7301507795976697e-05,6767,5557,6.6913534458726645,1011.3051200686456,39930757120,31108308480,33749467136
921,14736,0.7368,1.36365730117368,0.29842644929885864,1.7203569915003005e-05,7156,5928,6.361290972679853,1124.9288911218214,39930757120,31108308480,33749467136
922,14752,0.7376,1.20688659435936,0.29135268926620483,1.7105852387977096e-05,6832,5563,5.961161816958338,1146.0853118538566,39930757120,31108308480,33749467136
923,14768,0.7384,1.5613875649641695,0.27067047357559204,1.7008355871447345e-05,7863,6870,7.107593302149326,1106.2816435518673,39930757120,31108308480,33749467136
924,14784,0.7392,1.3936381593107146,0.27027252316474915,1.6911081020477177e-05,7472,6472,6.668352243024856,1120.5166925331164,39930757120,31108308480,33749467136
925,14800,0.74,1.3745971221837598,0.3041432201862335,1.6814028488640726e-05,6944,5751,6.861842899117619,1011.9730372860834,39930757120,31108308480,33749467136
926,14816,0.7408,1.562592590853166,0.2681022584438324,1.671719892801835e-05,7685,6534,6.866665302310139,1119.1749796534498,39930757120,31108308480,33749467136
927,14832,0.7416,1.2441226192703876,0.26764899492263794,1.662059298919232e-05,7954,6557,7.353154675103724,1081.7125915942738,39930757120,31108308480,33749467136
928,14848,0.7424,1.4029421087414036,0.2790835201740265,1.6524211321242443e-05,7376,6374,6.707860303111374,1099.6054876960864,39930757120,31108308480,33749467136
929,14864,0.7432,1.4017835630279887,0.27777498960494995,1.642805457174166e-05,7941,6405,7.918172657955438,1002.8829053154868,39930757120,31108308480,33749467136
930,14880,0.744,1.3286174136353952,0.30045145750045776,1.633212338675173e-05,6561,5668,5.971860093995929,1098.6526637816564,39930757120,31108308480,33749467136
931,14896,0.7448,1.1906609324452209,0.2984727621078491,1.6236418410818872e-05,7493,5936,7.2570557268336415,1032.5123964935162,39930757120,31108308480,33749467136
932,14912,0.7456,1.4713321754898423,0.2874143719673157,1.6140940286969476e-05,7123,6034,6.175503341015428,1153.4282481383577,39930757120,31108308480,33749467136
933,14928,0.7464,1.493142291934596,0.24953751266002655,1.6045689656705716e-05,8881,7187,8.162949156947434,1087.9646349924203,39930757120,31108308480,33749467136
934,14944,0.7472,1.2432643279827884,0.285340815782547,1.595066716000126e-05,7500,5966,6.830612131394446,1097.9982255951782,39930757120,31108308480,33749467136
935,14960,0.748,1.0607673357204344,0.3091428577899933,1.5855873435297043e-05,6766,5331,6.105059510096908,1108.261105204624,39930757120,31108308480,33749467136
936,14976,0.7488,1.0549661513782875,0.29813650250434875,1.5761309119496863e-05,7116,5676,6.591206112410873,1079.6203120701944,39930757120,31108308480,33749467136
937,14992,0.7496,1.2499199595659563,0.30147722363471985,1.5666974847963162e-05,7163,5840,6.419691079296172,1115.7857771538318,39930757120,31108308480,33749467136
938,15008,0.7504,1.1388410985017956,0.28941383957862854,1.557287125451279e-05,6687,5804,6.21124306274578,1076.5960907419237,39930757120,31108308480,33749467136
939,15024,0.7512,1.039601234653808,0.3405438959598541,1.5478998971412668e-05,5802,4931,5.1813140427693725,1119.7931551932868,39930757120,31108308480,33749467136
940,15040,0.752,1.5113466767714923,0.27441298961639404,1.538535862937558e-05,7359,6296,7.1096102222800255,1035.0778411084252,39930757120,31108308480,33749467136
941,15056,0.7528,0.9948485222719553,0.3187299370765686,1.529195085755598e-05,6723,5304,6.106378905009478,1100.9798285665938,39930757120,31108308480,33749467136
942,15072,0.7536,1.2282888148168438,0.29076316952705383,1.5198776283545668e-05,6815,5673,6.727927774190903,1012.9419085239167,39930757120,31108308480,33749467136
943,15088,0.7544,1.6261908878024862,0.24210606515407562,1.510583553336964e-05,8768,7666,7.78178407298401,1126.733910600248,39930757120,31108308480,33749467136
944,15104,0.7552,1.2970559629698128,0.29402977228164673,1.5013129231481893e-05,6879,5763,6.43338384386152,1069.2662161863184,39930757120,31108308480,33749467136
945,15120,0.756,1.3250863420034777,0.27033138275146484,1.4920658000761174e-05,7549,6689,6.692242698278278,1128.0224493266123,39930757120,31108308480,33749467136
946,15136,0.7568,1.4134867541147917,0.25726965069770813,1.4828422462506818e-05,8425,7081,7.721766605041921,1091.0715683246503,39930757120,31108308480,33749467136
947,15152,0.7576,1.2648078937406968,0.28600427508354187,1.4736423236434649e-05,6628,5712,6.231526869349182,1063.623753690438,39930757120,31108308480,33749467136
948,15168,0.7584,1.1260755845997807,0.2865872085094452,1.4644660940672627e-05,6612,5740,6.295256984885782,1050.314548853952,39930757120,31108308480,33749467136
949,15184,0.7592,1.4045647208394654,0.2515604496002197,1.4553136191756917e-05,8451,7330,7.711225351318717,1095.9347723581664,39930757120,31108308480,33749467136
950,15200,0.76,1.2260078118365005,0.3058629035949707,1.4461849604627642e-05,6809,5620,6.177860316820443,1102.161533413301,39930757120,31108308480,33749467136
951,15216,0.7608,1.4562426534839013,0.2798040807247162,1.4370801792624656e-05,7335,6153,7.076610381715,1036.5131898391135,39930757120,31108308480,33749467136
952,15232,0.7616,1.4457086758229016,0.27149492502212524,1.4279993367483641e-05,7847,6646,7.271771423984319,1079.104325820586,39930757120,31108308480,33749467136
953,15248,0.7624,1.2378112901520013,0.2953213155269623,1.4189424939331814e-05,7581,6532,6.7462201989255846,1123.7403726026264,39930757120,31108308480,33749467136
954,15264,0.7632,1.274440454693786,0.298330157995224,1.4099097116683874e-05,7213,6274,6.826003754977137,1056.694408458344,39930757120,31108308480,33749467136
955,15280,0.764,1.4135713790071416,0.2762719690799713,1.4009010506437997e-05,7439,6431,7.030117405112833,1058.1615599463241,39930757120,31108308480,33749467136
956,15296,0.7648,1.185351343732064,0.25857189297676086,1.3919165713871641e-05,7787,6721,7.3549629813060164,1058.7408828286539,39930757120,31108308480,33749467136
957,15312,0.7656,1.2654556354578916,0.27578359842300415,1.3829563342637513e-05,6915,5972,6.287646595854312,1099.77555108764,39930757120,31108308480,33749467136
958,15328,0.7664,1.4483346732521591,0.2852502465248108,1.3740203994759599e-05,7128,6074,6.382659696042538,1116.775817520022,39930757120,31108308480,33749467136
959,15344,0.7672,1.4469735566593047,0.2608121931552887,1.3651088270628993e-05,8414,7294,7.552966739982367,1113.9993448481205,39930757120,31108308480,33749467136
960,15360,0.768,1.297559721291548,0.27550753951072693,1.356221676899992e-05,7697,6297,7.312653841916472,1052.5590526219685,39930757120,31108308480,33749467136
961,15376,0.7688,1.39511476088098,0.29291874170303345,1.3473590086985754e-05,7192,6053,6.389689716044813,1125.5632620063768,39930757120,31108308480,33749467136
962,15392,0.7696,1.409019304351422,0.27910399436950684,1.338520882005494e-05,7597,6646,6.949299862142652,1093.2036537070146,39930757120,31108308480,33749467136
963,15408,0.7704,1.2741544926149637,0.30199795961380005,1.329707356202699e-05,6652,5644,5.795676950830966,1147.752032494885,39930757120,31108308480,33749467136
964,15424,0.7712,1.4561474690823801,0.28082677721977234,1.3209184905068594e-05,7650,6391,7.204075640998781,1061.8989001813695,39930757120,31108308480,33749467136
965,15440,0.772,1.3154697923251895,0.299761563539505,1.31215434396895e-05,7100,5698,6.419885013718158,1105.9388111825301,39930757120,31108308480,33749467136
966,15456,0.7728,1.392923687654532,0.27500593662261963,1.3034149754738633e-05,6902,6028,6.700278776232153,1030.1063926598713,39930757120,31108308480,33749467136
967,15472,0.7736,1.308588380694913,0.27841970324516296,1.2947004437400163e-05,7314,6147,6.457969846203923,1132.5540648504673,39930757120,31108308480,33749467136
968,15488,0.7744,0.9184655322768556,0.31468480825424194,1.2860108073189458e-05,6192,5135,6.215528958942741,996.2144880832889,39930757120,31108308480,33749467136
969,15504,0.7752,1.1499773211998736,0.30922362208366394,1.2773461245949247e-05,6600,5314,6.077602044213563,1085.9546169667044,39930757120,31108308480,33749467136
970,15520,0.776,1.345341376536162,0.28737378120422363,1.2687064537845632e-05,7284,6131,6.834313977044076,1065.7982680436376,39930757120,31108308480,33749467136
971,15536,0.7768,1.4475434199051138,0.2660353481769562,1.2600918529364253e-05,7864,6901,7.457730813883245,1054.4762470322003,39930757120,31108308480,33749467136
972,15552,0.7776,1.1452767870210028,0.32905083894729614,1.251502379930629e-05,6426,5107,5.979001549072564,1074.7613873752505,39930757120,31108308480,33749467136
973,15568,0.7784,1.3831142676299684,0.2840016782283783,1.242938092478464e-05,7428,6509,6.718519289046526,1105.6007552304225,39930757120,31108308480,33749467136
974,15584,0.7792,1.4985120622683248,0.27719128131866455,1.2343990481220036e-05,7365,6271,6.648839477915317,1107.7121089272002,39930757120,31108308480,33749467136
975,15600,0.78,1.183570834475021,0.31033843755722046,1.225885304233716e-05,6972,5607,5.98910970101133,1164.1129229646099,39930757120,31108308480,33749467136
976,15616,0.7808,1.4848030636617395,0.27650701999664307,1.2173969180160783e-05,7758,6473,7.339248310774565,1057.056482012017,39930757120,31108308480,33749467136
977,15632,0.7816,1.4981824322747954,0.272737592458725,1.2089339465011935e-05,7980,6873,7.5089513207785785,1062.7316197826383,39930757120,31108308480,33749467136
978,15648,0.7824,1.0744215385834444,0.3351306915283203,1.200496446550411e-05,5691,4744,5.332183270715177,1067.2926475080997,39930757120,31108308480,33749467136
979,15664,0.7832,1.2044435092917938,0.2835404574871063,1.1920844748539373e-05,7405,6249,6.9345868192613125,1067.8357907975253,39930757120,31108308480,33749467136
980,15680,0.784,1.2607477575672188,0.29828494787216187,1.1836980879304576e-05,7222,5886,7.405301537830383,975.2472553758984,39930757120,31108308480,33749467136
981,15696,0.7848,1.0959499064334222,0.3139461278915405,1.1753373421267621e-05,6604,5468,6.272050832863897,1052.9251397958665,39930757120,31108308480,33749467136
982,15712,0.7856,1.3018416667023547,0.28047776222229004,1.1670022936173585e-05,7285,6115,6.545196353923529,1113.030015613358,39930757120,31108308480,33749467136
983,15728,0.7864,1.2335155739979589,0.2952269911766052,1.1586929984040972e-05,6592,5541,6.019340680912137,1095.1365522313458,39930757120,31108308480,33749467136
984,15744,0.7872,1.2277179342158393,0.2848908603191376,1.1504095123158015e-05,7439,6081,6.658004846889526,1117.3016798681572,39930757120,31108308480,33749467136
985,15760,0.788,1.1387481034403633,0.32060694694519043,1.1421518910078838e-05,6167,5152,5.666591715067625,1088.3085124346926,39930757120,31108308480,33749467136
986,15776,0.7888,1.3415326998720993,0.2879200279712677,1.133920189961975e-05,7455,6259,7.00895087281242,1063.6399277554926,39930757120,31108308480,33749467136
987,15792,0.7896,1.5065338396258845,0.2632502615451813,1.125714464485551e-05,7159,6153,6.651341407094151,1076.3242422595229,39930757120,31108308480,33749467136
988,15808,0.7904,1.4364630868019708,0.29944124817848206,1.1175347697115673e-05,6496,5570,5.775313575286418,1124.7874102970834,39930757120,31108308480,33749467136
989,15824,0.7912,1.2730198630839384,0.30057573318481445,1.1093811605980781e-05,6796,5928,6.656528613995761,1020.9525706403473,39930757120,31108308480,33749467136
990,15840,0.792,1.2707550481072776,0.2917429506778717,1.1012536919278727e-05,6920,5908,6.057660405989736,1142.3552223491422,39930757120,31108308480,33749467136
991,15856,0.7928,1.3435728413997954,0.27857595682144165,1.0931524183081104e-05,7024,6085,6.396666069980711,1098.0720148834002,39930757120,31108308480,33749467136
992,15872,0.7936,1.122587961176153,0.2859059274196625,1.0850773941699461e-05,6846,5723,6.263096779119223,1093.0694896531281,39930757120,31108308480,33749467136
993,15888,0.7944,1.3845399564457936,0.2652873992919922,1.0770286737681701e-05,8269,6894,7.996643404010683,1034.0588647297586,39930757120,31108308480,33749467136
994,15904,0.7952,1.1867492170552234,0.2908647358417511,1.0690063111808446e-05,8136,6529,8.39063607994467,969.6523508446156,39930757120,31108308480,33749467136
995,15920,0.796,1.2923441156474853,0.3096856474876404,1.0610103603089344e-05,6225,5241,5.423112923745066,1147.8647204161796,39930757120,31108308480,33749467136
996,15936,0.7968,1.3635906382084053,0.28558090329170227,1.0530408748759485e-05,7223,5978,6.444500599987805,1120.8005784053566,39930757120,31108308480,33749467136
997,15952,0.7976,1.4123571918134243,0.2637946605682373,1.0450979084275819e-05,8170,6813,7.603624830953777,1074.4875216279154,39930757120,31108308480,33749467136
998,15968,0.7984,1.3334273701095387,0.2966518998146057,1.0371815143313501e-05,7030,5903,6.347039242275059,1107.6030463426184,39930757120,31108308480,33749467136
999,15984,0.7992,1.221305000067551,0.28597021102905273,1.0292917457762325e-05,7562,6307,6.700949238147587,1128.4968339933944,39930757120,31108308480,33749467136
1000,16000,0.8,1.2372683051256916,0.29860106110572815,1.0214286557723196e-05,7222,5983,6.616537206340581,1091.5075023048623,39930757120,31108308480,33749467136
1001,16016,0.8008,1.2752124684819581,0.29334256052970886,1.013592297150449e-05,6981,6078,5.952498947270215,1172.7847517220396,39930757120,31108308480,33749467136
1002,16032,0.8016,1.3139054606772955,0.29388126730918884,1.0057827225618555e-05,7328,6036,6.8676204876974225,1067.0362483086094,39930757120,31108308480,33749467136
1003,16048,0.8024,1.2980905237335463,0.2785834074020386,9.979999844778205e-06,7526,6169,6.767079310957342,1112.1489277972262,39930757120,31108308480,33749467136
1004,16064,0.8032,1.2552816509660742,0.300650954246521,9.90244135189306e-06,7278,6184,6.593389372806996,1103.832882980722,39930757120,31108308480,33749467136
1005,16080,0.804,1.3304946660911265,0.2909359037876129,9.825152268066213e-06,6428,5662,5.571728361304849,1153.681511941946,39930757120,31108308480,33749467136
1006,16096,0.8048,1.1054004418770678,0.31073033809661865,9.748133112590624e-06,6580,5414,6.044245746918023,1088.638727727965,39930757120,31108308480,33749467136
1007,16112,0.8056,1.3544788564039656,0.2801598012447357,9.671384402945589e-06,7009,6050,6.77222899813205,1034.9620489698823,39930757120,31108308480,33749467136
1008,16128,0.8064,1.2517322694999466,0.28951215744018555,9.59490665479339e-06,6757,5825,6.162111449986696,1096.5397258458524,39930757120,31108308480,33749467136
1009,16144,0.8072,1.3254348092891646,0.2830711305141449,9.518700381975754e-06,7229,5998,7.2405698909424245,998.4020745443121,39930757120,31108308480,33749467136
1010,16160,0.808,1.4031051163460342,0.2733612358570099,9.442766096510352e-06,7714,6647,7.414683553390205,1040.3680675587213,39930757120,31108308480,33749467136
1011,16176,0.8088,1.5237918670534472,0.2659899890422821,9.367104308587494e-06,8320,6972,7.6891975668258965,1082.0374854062306,39930757120,31108308480,33749467136
1012,16192,0.8096,1.1957066674082766,0.32167813181877136,9.291715526566564e-06,6581,5701,6.077300993259996,1082.8820239936492,39930757120,31108308480,33749467136
1013,16208,0.8104,1.4590014735599488,0.2897731363773346,9.216600256972668e-06,6980,6003,6.333960229065269,1101.996183678291,39930757120,31108308480,33749467136
1014,16224,0.8112,1.3851721672605297,0.27321624755859375,9.141759004493283e-06,7857,6581,7.292295823339373,1077.4384625008302,39930757120,31108308480,33749467136
1015,16240,0.812,1.4533673694664495,0.26542308926582336,9.067192271974739e-06,8292,6936,7.261453090701252,1141.9202047340123,39930757120,31108308480,33749467136
1016,16256,0.8128,1.31090643804725,0.2866077721118927,8.992900560418933e-06,6951,6044,6.816786186769605,1019.6887227431139,39930757120,31108308480,33749467136
1017,16272,0.8136,1.3062967069153257,0.2623032033443451,8.91888436897997e-06,8069,6746,7.624701571650803,1058.2709269568177,39930757120,31108308480,33749467136
1018,16288,0.8144,1.3154036008252354,0.31065380573272705,8.845144194960747e-06,6855,5863,6.23881552182138,1098.7662603619876,39930757120,31108308480,33749467136
1019,16304,0.8152,1.423993180835192,0.2607741951942444,8.771680533809635e-06,8299,7159,7.7235240009613335,1074.509511327606,39930757120,31108308480,33749467136
1020,16320,0.816,1.229478725106693,0.2863084077835083,8.69849387911721e-06,6986,6093,6.667191027663648,1047.8175847989871,39930757120,31108308480,33749467136
1021,16336,0.8168,1.3027044558921193,0.29344117641448975,8.625584722612829e-06,7584,6320,6.879537953063846,1102.399616332143,39930757120,31108308480,33749467136
1022,16352,0.8176,1.2565542753254397,0.29205238819122314,8.552953554161408e-06,7560,5811,6.876967849209905,1099.3217019138121,39930757120,31108308480,33749467136
1023,16368,0.8184,1.3809703864986609,0.2881201207637787,8.480600861760124e-06,7272,6342,6.6364703150466084,1095.7632076666537,39930757120,31108308480,33749467136
1024,16384,0.8192,1.339920653944817,0.29043102264404297,8.408527131535087e-06,7219,6271,7.486458958592266,964.274303770102,39930757120,31108308480,33749467136
1025,16400,0.82,1.229518501540666,0.3115544319152832,8.336732847738116e-06,6514,5580,5.729897471144795,1136.8440766704584,39930757120,31108308480,33749467136
1026,16416,0.8208,1.3551928390528898,0.29788893461227417,8.265218492743498e-06,6713,5582,6.063859465997666,1107.0507220100183,39930757120,31108308480,33749467136
1027,16432,0.8216,1.631987014500746,0.2645891606807709,8.193984547044658e-06,7856,7021,7.393968034069985,1062.4876877748268,39930757120,31108308480,33749467136
1028,16448,0.8224,1.1518822441503658,0.30408650636672974,8.123031489251082e-06,7439,5709,6.950477874837816,1070.2861204595351,39930757120,31108308480,33749467136
1029,16464,0.8232,1.3611206694567752,0.30355122685432434,8.052359796084951e-06,6935,5877,6.116903695743531,1133.7435318502307,39930757120,31108308480,33749467136
1030,16480,0.824,1.1697536825107024,0.3139933943748474,7.981969942378021e-06,6296,5341,6.086303480900824,1034.4538388132,39930757120,31108308480,33749467136
1031,16496,0.8248,1.3675951840605098,0.27615487575531006,7.911862401068433e-06,7549,6266,7.096712128724903,1063.7320301389148,39930757120,31108308480,33749467136
1032,16512,0.8256,1.292463747367696,0.2678806781768799,7.842037643197492e-06,7687,6328,7.545483211986721,1018.7551657113843,39930757120,31108308480,33749467136
1033,16528,0.8264,1.3831381483867295,0.2787766754627228,7.772496137906526e-06,7931,6579,7.702354134991765,1029.6851924750508,39930757120,31108308480,33749467136
1034,16544,0.8272,1.3122370741477138,0.2876535952091217,7.703238352433762e-06,7281,6080,6.943895728327334,1048.5468510561677,39930757120,31108308480,33749467136
1035,16560,0.828,1.2242380568116416,0.25970372557640076,7.63426475211113e-06,7803,6832,7.17706932593137,1087.212571823305,39930757120,31108308480,33749467136
1036,16576,0.8288,1.4917694482454353,0.2740286588668823,7.565575800361168e-06,7745,6695,7.1176202851347625,1088.1445890244422,39930757120,31108308480,33749467136
1037,16592,0.8296,1.2852098645824084,0.3028196096420288,7.497171958693927e-06,6984,5977,6.544145742896944,1067.2133956644343,39930757120,31108308480,33749467136
1038,16608,0.8304,1.1113957631674094,0.3007054924964905,7.429053686703835e-06,6435,5399,6.557390886824578,981.3354291459898,39930757120,31108308480,33749467136
1039,16624,0.8312,1.5642257629578085,0.26225194334983826,7.361221442066607e-06,8091,7170,7.940097297076136,1019.0051453121906,39930757120,31108308480,33749467136
1040,16640,0.832,1.4034720684218458,0.25531038641929626,7.293675680536227e-06,7779,6638,7.027635549660772,1106.9156823841693,39930757120,31108308480,33749467136
1041,16656,0.8328,1.2558448375935871,0.2925107777118683,7.226416855941814e-06,7202,5837,6.39536895416677,1126.1273667890084,39930757120,31108308480,33749467136
1042,16672,0.8336,1.070602977081792,0.3232160806655884,7.159445420184591e-06,6540,5283,6.2854538867250085,1040.4976502671664,39930757120,31108308480,33749467136
1043,16688,0.8344,1.2745234965490047,0.2818710505962372,7.092761823234911e-06,7189,6051,6.274444920942187,1145.7587229756862,39930757120,31108308480,33749467136
1044,16704,0.8352,1.356415295367485,0.2851816415786743,7.0263665131291405e-06,7017,6231,6.765693349763751,1037.1442566555318,39930757120,31108308480,33749467136
1045,16720,0.836,1.1309195561594443,0.3120602071285248,6.960259935966712e-06,6583,5374,5.913569688796997,1113.2024050500681,39930757120,31108308480,33749467136
1046,16736,0.8368,1.3789685505122056,0.2726706564426422,6.894442535907086e-06,7158,6319,6.729823355097324,1063.6237568670158,39930757120,31108308480,33749467136
1047,16752,0.8376,1.1286458349092598,0.28064799308776855,6.828914755166827e-06,7192,5991,6.589441513177007,1091.443028307945,39930757120,31108308480,33749467136
1048,16768,0.8384,1.4328289011768027,0.27546432614326477,6.763677034016569e-06,7413,6428,6.9629428391344845,1064.6360556539423,39930757120,31108308480,33749467136
1049,16784,0.8392,1.293811310123081,0.29510608315467834,6.698729810778065e-06,7813,6177,7.4609405202791095,1047.187010640814,39930757120,31108308480,33749467136
1050,16800,0.84,1.3350651309924677,0.31844475865364075,6.63407352182131e-06,7142,5943,7.37580957217142,968.3004868979302,39930757120,31108308480,33749467136
1051,16816,0.8408,1.430274320536835,0.2741452753543854,6.5697086015615135e-06,7047,6282,6.582191138062626,1070.6161295209947,39930757120,31108308480,33749467136
1052,16832,0.8416,1.4142139267844513,0.28925564885139465,6.5056354824562295e-06,7237,5888,6.844930030871183,1057.2788863232422,39930757120,31108308480,33749467136
1053,16848,0.8424,1.3614448522080917,0.30175963044166565,6.441854595002477e-06,6937,5677,6.225127113983035,1114.3547550086066,39930757120,31108308480,33749467136
1054,16864,0.8432,1.5099693094564641,0.27908816933631897,6.37836636773379e-06,7867,6741,7.923432350624353,992.8777898103837,39930757120,31108308480,33749467136
1055,16880,0.844,1.2507040507385945,0.28571805357933044,6.315171227217365e-06,6985,6009,6.789598586969078,1028.7795236386944,39930757120,31108308480,33749467136
1056,16896,0.8448,1.2674758980679228,0.2757984697818756,6.2522695980512195e-06,8144,6481,7.425048486795276,1096.8278543208585,39930757120,31108308480,33749467136
1057,16912,0.8456,1.4678485983581062,0.2764444053173065,6.189661902861288e-06,8086,6966,7.312712248414755,1105.745683040226,39930757120,31108308480,33749467136
1058,16928,0.8464,1.3295562000093066,0.309251993894577,6.1273485622986185e-06,7407,5987,6.692284163087606,1106.796994792081,39930757120,31108308480,33749467136
1059,16944,0.8472,1.4076043969378784,0.2619289457798004,6.065329995036573e-06,7837,6816,7.429908714722842,1054.7908865246864,39930757120,31108308480,33749467136
1060,16960,0.848,1.3497147880603435,0.2819310426712036,6.003606617767893e-06,7152,6024,6.559681153390557,1090.2968959555735,39930757120,31108308480,33749467136
1061,16976,0.8488,1.2515937813154787,0.25900983810424805,5.942178845202079e-06,7684,6514,6.964825831353664,1103.2580262680538,39930757120,31108308480,33749467136
1062,16992,0.8496,1.2990073025690803,0.27307695150375366,5.881047090062475e-06,7370,6420,7.0546969710849226,1044.6940570526856,39930757120,31108308480,33749467136
1063,17008,0.8504,1.4395199450369311,0.2826579213142395,5.820211763083494e-06,7711,6237,7.2314133630134165,1066.31990358061,39930757120,31108308480,33749467136
1064,17024,0.8512,1.2534852990332188,0.2879442274570465,5.759673273007954e-06,6849,5998,6.416179569903761,1067.457655350929,39930757120,31108308480,33749467136
1065,17040,0.852,1.3583779151193665,0.29807278513908386,5.699432026584267e-06,7189,6193,6.384166253264993,1126.0671659863804,39930757120,31108308480,33749467136
1066,17056,0.8528,1.39992773799051,0.3059065341949463,5.6394884285636554e-06,6709,5822,5.897765790112317,1137.5494108714402,39930757120,31108308480,33749467136
1067,17072,0.8536,1.3619686795783583,0.2739930748939514,5.579842881697556e-06,7931,6696,7.216375951189548,1099.0281068564136,39930757120,31108308480,33749467136
1068,17088,0.8544,1.4838448883621207,0.27833810448646545,5.520495786734814e-06,7579,6517,6.807795979082584,1113.2824813327238,39930757120,31108308480,33749467136
1069,17104,0.8552,1.331791752471415,0.28526464104652405,5.4614475424190185e-06,7664,6446,7.05917152389884,1085.6798101666054,39930757120,31108308480,33749467136
1070,17120,0.856,1.3785336391311673,0.2745012938976288,5.402698545485868e-06,6865,6029,6.274438282009214,1094.1218466813375,39930757120,31108308480,33749467136
1071,17136,0.8568,1.3713780780475533,0.2715020477771759,5.344249190660428e-06,7549,6423,6.888115643057972,1095.945595455861,39930757120,31108308480,33749467136
1072,17152,0.8576,1.4914896566947695,0.28112494945526123,5.286099870654515e-06,7711,6448,7.601459146942943,1014.4105034230316,39930757120,31108308480,33749467136
1073,17168,0.8584,1.3802701738009415,0.2895943820476532,5.228250976164095e-06,6697,5835,6.599459568038583,1014.780063572752,39930757120,31108308480,33749467136
1074,17184,0.8592,1.1254667589993028,0.3001832067966461,5.170702895866591e-06,6816,5776,6.1447803736664355,1109.2341118016338,39930757120,31108308480,33749467136
1075,17200,0.86,1.5587456830430844,0.27165910601615906,5.1134560164183055e-06,7450,6305,6.4667062922380865,1152.0547962634625,39930757120,31108308480,33749467136
1076,17216,0.8608,1.5961850313892283,0.26718243956565857,5.056510722451863e-06,8140,6767,7.883508642204106,1032.535178108739,39930757120,31108308480,33749467136
1077,17232,0.8616,1.3105100108334213,0.26897773146629333,4.999867396573499e-06,8217,6936,7.732586819212884,1062.6456827595537,39930757120,31108308480,33749467136
1078,17248,0.8624,1.4257794215604986,0.2761317491531372,4.943526419360661e-06,7122,6203,6.338266878854483,1123.6510131437003,39930757120,31108308480,33749467136
1079,17264,0.8632,1.3307929881064542,0.3085809648036957,4.8874881693593384e-06,6448,5507,6.341669741086662,1016.7669183755252,39930757120,31108308480,33749467136
1080,17280,0.864,1.2841280202441674,0.29957082867622375,4.831753023081493e-06,7238,5894,6.774145250208676,1068.4742846010033,39930757120,31108308480,33749467136
1081,17296,0.8648,1.2507549161192006,0.30862879753112793,4.7763213550026495e-06,6241,5279,5.622945931740105,1109.916416725819,39930757120,31108308480,33749467136
1082,17312,0.8656,1.4143093225599095,0.2731623351573944,4.72119353755931e-06,8063,6741,7.256908705923706,1111.079155979776,39930757120,31108308480,33749467136
1083,17328,0.8664,1.4871864698463526,0.2690901458263397,4.666369941146376e-06,8303,6739,7.6419125949032605,1086.5081086556327,39930757120,31108308480,33749467136
1084,17344,0.8672,1.140813873473282,0.3062867820262909,4.611850934114825e-06,6554,5473,6.037522378377616,1085.5446306041138,39930757120,31108308480,33749467136
1085,17360,0.868,1.336562381848287,0.27092358469963074,4.557636882769101e-06,8348,6425,8.802913106046617,948.32243592929,39930757120,31108308480,33749467136
1086,17376,0.8688,1.3420254831338725,0.27480873465538025,4.5037281513647e-06,7142,6193,6.6457286649383605,1074.6752327822041,39930757120,31108308480,33749467136
1087,17392,0.8696,1.237317576135113,0.298645555973053,4.450125102105757e-06,6954,5828,6.301848430652171,1103.4857592219714,39930757120,31108308480,33749467136
1088,17408,0.8704,1.5278913813110544,0.24783039093017578,4.396828095142535e-06,8721,7769,8.50939904525876,1024.8667330813612,39930757120,31108308480,33749467136
1089,17424,0.8712,1.185084893422254,0.34516441822052,4.343837488569058e-06,6080,4909,5.802520561031997,1047.8205007719355,39930757120,31108308480,33749467136
1090,17440,0.872,1.3072815854300937,0.27639585733413696,4.291153638420731e-06,7297,6285,7.228712408337742,1009.4467157918045,39930757120,31108308480,33749467136
1091,17456,0.8728,1.4597401640878318,0.2884466350078583,4.238776898671865e-06,6971,5982,6.14448111737147,1134.5140243480973,39930757120,31108308480,33749467136
1092,17472,0.8736,1.0644842197451736,0.3235611021518707,4.18670762123336e-06,6527,5405,6.3575371340848505,1026.6554268329166,39930757120,31108308480,33749467136
1093,17488,0.8744,1.305030423008133,0.27162861824035645,4.134946155950348e-06,7662,6449,7.521943664178252,1018.6197001831771,39930757120,31108308480,33749467136
1094,17504,0.8752,1.3480881222868106,0.276185542345047,4.083492850599791e-06,8044,6407,7.765668747015297,1035.8412471677573,39930757120,31108308480,33749467136
1095,17520,0.876,1.2774155806939524,0.29361429810523987,4.032348050888179e-06,6642,5879,5.997850395273417,1107.3967442125936,39930757120,31108308480,33749467136
1096,17536,0.8768,1.537009693558001,0.2410046011209488,3.981512100449231e-06,8711,7619,9.290133391972631,937.6614557038497,39930757120,31108308480,33749467136
1097,17552,0.8776,1.341532888674066,0.3279106616973877,3.9309853408415254e-06,6938,5587,6.826747850049287,1016.2965078532833,39930757120,31108308480,33749467136
1098,17568,0.8784,1.2837039917062547,0.2951323986053467,3.880768111546229e-06,6917,5869,6.630051123909652,1043.2800397353706,39930757120,31108308480,33749467136
1099,17584,0.8792,1.4295333576134812,0.25904712080955505,3.830860749964876e-06,7645,6703,7.772487074602395,983.5976472680185,39930757120,31108308480,33749467136
1100,17600,0.88,1.3682054062031748,0.28642308712005615,3.781263591416989e-06,7026,5906,6.376418553758413,1101.872460341975,39930757120,31108308480,33749467136
1101,17616,0.8808,1.4275418596084588,0.27655255794525146,3.731976969137929e-06,8093,6406,7.272497128229588,1112.822715128408,39930757120,31108308480,33749467136
1102,17632,0.8816,1.349616521607465,0.28083300590515137,3.6830012142765767e-06,7423,6211,6.652204314712435,1115.8707172572592,39930757120,31108308480,33749467136
1103,17648,0.8824,0.9741114961706409,0.32727861404418945,3.6343366558931892e-06,5836,4985,5.602390703745186,1041.6981443473135,39930757120,31108308480,33749467136
1104,17664,0.8832,1.2909888790289026,0.29962071776390076,3.585983620957112e-06,6824,5930,6.021918767131865,1133.19363211041,39930757120,31108308480,33749467136
1105,17680,0.884,1.4015593816549856,0.2787698209285736,3.53794243434461e-06,7176,6269,6.320500456728041,1135.3531336844217,39930757120,31108308480,33749467136
1106,17696,0.8848,1.321674092962772,0.2976292669773102,3.4902134188367184e-06,6853,5530,6.328472170978785,1082.8838011529235,39930757120,31108308480,33749467136
1107,17712,0.8856,1.2070356853976076,0.2952806055545807,3.4427968951170288e-06,7551,6107,6.840541323646903,1103.8600079641546,39930757120,31108308480,33749467136
1108,17728,0.8864,1.4224531809599261,0.28198328614234924,3.3956931817695325e-06,7674,6483,7.490568264387548,1024.4883604471697,39930757120,31108308480,33749467136
1109,17744,0.8872,1.5857379145327168,0.25718507170677185,3.3489025952765427e-06,8195,6997,7.696725423913449,1064.7385152312215,39930757120,31108308480,33749467136
1110,17760,0.888,1.3501724820337655,0.2953794002532959,3.3024254500164775e-06,6473,5609,6.067697581835091,1066.7967400646771,39930757120,31108308480,33749467136
1111,17776,0.8888,1.284738731673736,0.27831098437309265,3.2562620582618165e-06,7567,6507,7.052953004371375,1072.8839388707145,39930757120,31108308480,33749467136
1112,17792,0.8896,1.3493667282496096,0.29069989919662476,3.210412730176987e-06,7438,5947,6.900180377066135,1077.9428353382464,39930757120,31108308480,33749467136
1113,17808,0.8904,1.0905649722790376,0.3091146945953369,3.1648777738162494e-06,7655,5767,6.825257271062583,1121.5694436098875,39930757120,31108308480,33749467136
1114,17824,0.8912,1.2491738244412394,0.2849220037460327,3.1196574951216695e-06,7571,6038,7.422637321986258,1019.9878657110571,39930757120,31108308480,33749467136
1115,17840,0.892,1.1463706595818506,0.295364111661911,3.0747521979210436e-06,6907,5993,6.49469903903082,1063.4826892657225,39930757120,31108308480,33749467136
1116,17856,0.8928,1.2721903155738263,0.2804465889930725,3.0301621839258497e-06,7235,6152,6.513112697284669,1110.835991371113,39930757120,31108308480,33749467136
1117,17872,0.8936,1.334432494535971,0.2913786768913269,2.985887752729222e-06,7095,6053,6.409066312946379,1107.0255250235168,39930757120,31108308480,33749467136
1118,17888,0.8944,1.2037221776177967,0.28610143065452576,2.9419292018039834e-06,7732,6059,6.905255095101893,1119.7269171829064,39930757120,31108308480,33749467136
1119,17904,0.8952,1.3922083447679696,0.2911929190158844,2.8982868265005458e-06,7049,6102,6.617777794599533,1065.1611792938058,39930757120,31108308480,33749467136
1120,17920,0.896,1.2453115838173292,0.27566632628440857,2.8549609200450358e-06,7365,6254,6.741200279910117,1092.535408263853,39930757120,31108308480,33749467136
1121,17936,0.8968,1.6778202543950465,0.2607118487358093,2.8119517735372745e-06,8858,7389,8.096044270787388,1094.1145704899297,39930757120,31108308480,33749467136
1122,17952,0.8976,1.224633846545894,0.30721643567085266,2.7692596759487877e-06,6046,5232,5.975537390913814,1011.7918447290328,39930757120,31108308480,33749467136
1123,17968,0.8984,1.2583404877246955,0.2882743179798126,2.726884914120936e-06,7192,6045,7.0567920920439065,1019.1599676159557,39930757120,31108308480,33749467136
1124,17984,0.8992,0.9007547816437922,0.35992443561553955,2.6848277727629544e-06,5790,4586,4.982190102338791,1162.1395171737825,39930757120,31108308480,33749467136
1125,18000,0.9,1.4388377666839398,0.26972314715385437,2.6430885344499946e-06,7710,6514,7.213382001966238,1068.846762572451,39930757120,31108308480,33749467136
1126,18016,0.9008,1.147873601175076,0.3217219412326813,2.6016674796213168e-06,6638,5486,5.866148852277547,1131.5771500450044,39930757120,31108308480,33749467136
1127,18032,0.9016,1.1830136603591117,0.3321262001991272,2.5605648865783316e-06,6387,5280,5.803200413007289,1100.5995908196076,39930757120,31108308480,33749467136
1128,18048,0.9024,1.3277239304257906,0.2842869162559509,2.519781031482754e-06,7599,6108,7.157322076149285,1061.7099411136662,39930757120,31108308480,33749467136
1129,18064,0.9032,1.2447893954304634,0.3133366107940674,2.47931618835478e-06,6638,5564,5.898717253934592,1125.3294087917654,39930757120,31108308480,33749467136
1130,18080,0.904,1.3273869085747505,0.29203057289123535,2.439170629071175e-06,6783,5911,6.35291935922578,1067.6981111289651,39930757120,31108308480,33749467136
1131,18096,0.9048,1.2495057706498007,0.31915631890296936,2.399344623363503e-06,6513,5539,6.020843965001404,1081.7420344821178,39930757120,31108308480,33749467136
1132,18112,0.9056,1.3349681549993302,0.27276611328125,2.3598384388163197e-06,7925,6399,7.879600876942277,1005.7616018586135,39930757120,31108308480,33749467136
1133,18128,0.9064,1.2502011917125992,0.2857840657234192,2.3206523408653204e-06,7521,6339,6.960649242158979,1080.5026569141153,39930757120,31108308480,33749467136
1134,18144,0.9072,1.4759351229403488,0.25032028555870056,2.2817865927956095e-06,8171,7220,7.537944315932691,1083.982536555655,39930757120,31108308480,33749467136
1135,18160,0.908,1.2583955995217646,0.2852444648742676,2.2432414557399194e-06,8038,6580,7.917714459821582,1015.1919522721875,39930757120,31108308480,33749467136
1136,18176,0.9088,1.2895840419999889,0.2775458097457886,2.2050171886768112e-06,7191,6100,7.343386793043464,979.2484316381341,39930757120,31108308480,33749467136
1137,18192,0.9096,1.3973585906744723,0.2992865741252899,2.1671140484290142e-06,7248,6287,6.46409564698115,1121.2705374161578,39930757120,31108308480,33749467136
1138,18208,0.9104,1.4747470755301262,0.2839195728302002,2.129532289661651e-06,7384,6310,6.702141374815255,1101.7374279431012,39930757120,31108308480,33749467136
1139,18224,0.9112,1.421646768930007,0.28750672936439514,2.0922721648805044e-06,7096,6125,6.53635633783415,1085.620127367672,39930757120,31108308480,33749467136
1140,18240,0.912,1.2694265741421114,0.3012355864048004,2.0553339244303748e-06,7052,6166,6.426979516167194,1097.249490567156,39930757120,31108308480,33749467136
1141,18256,0.9128,1.3131828705077695,0.28863775730133057,2.018717816493393e-06,6930,6081,6.663547943811864,1039.9865144566984,39930757120,31108308480,33749467136
1142,18272,0.9136,1.3061991596977187,0.2988007664680481,1.9824240870872703e-06,7320,5840,6.8039677469059825,1075.842842336911,39930757120,31108308480,33749467136
1143,18288,0.9144,1.3317917801739172,0.2950734794139862,1.946452980063773e-06,6889,6022,6.235770256258547,1104.7552614828676,39930757120,31108308480,33749467136
1144,18304,0.9152,1.1664953925710142,0.3202930986881256,1.9108047371069914e-06,6571,5738,6.79646101500839,966.8267037049852,39930757120,31108308480,33749467136
1145,18320,0.916,1.3781100801913497,0.25709983706474304,1.875479597731733e-06,8343,7236,7.945588135160506,1050.016670645296,39930757120,31108308480,33749467136
1146,18336,0.9168,1.3667408015408216,0.30975401401519775,1.8404777992819534e-06,6688,5890,5.987664375919849,1116.9630727628355,39930757120,31108308480,33749467136
1147,18352,0.9176,1.1719940817995032,0.30275800824165344,1.805799576929107e-06,6604,5672,6.180835751350969,1068.4639206852469,39930757120,31108308480,33749467136
1148,18368,0.9184,1.2116033017573706,0.29653242230415344,1.7714451636705932e-06,7100,5802,6.504498653113842,1091.5522284874453,39930757120,31108308480,33749467136
1149,18384,0.9192,1.5532168828826367,0.27001261711120605,1.7374147903282178e-06,7565,6613,7.310273425653577,1034.8450132456776,39930757120,31108308480,33749467136
1150,18400,0.92,1.4186656882666673,0.28138333559036255,1.70370868554659e-06,7799,6367,7.245418317150325,1076.4043784110181,39930757120,31108308480,33749467136
1151,18416,0.9208,1.3098066341219925,0.2901691496372223,1.6703270757916001e-06,7202,5969,6.498819682747126,1108.2012352365548,39930757120,31108308480,33749467136
1152,18432,0.9216,1.3591817601746221,0.27812111377716064,1.6372701853489436e-06,7675,6162,7.254766100086272,1057.9252169010288,39930757120,31108308480,33749467136
1153,18448,0.9224,1.2963412972027752,0.2990604043006897,1.604538236322556e-06,7531,5880,7.1146421348676085,1058.5212660369655,39930757120,31108308480,33749467136
1154,18464,0.9232,1.4244750704154652,0.2849581837654114,1.5721314486331352e-06,7389,6278,7.109416946768761,1039.3257358971343,39930757120,31108308480,33749467136
1155,18480,0.924,1.368108871714449,0.2858048677444458,1.5400500400166939e-06,7169,5816,6.244820201769471,1147.9914182266868,39930757120,31108308480,33749467136
1156,18496,0.9248,1.221345669573877,0.29628485441207886,1.5082942260230658e-06,7261,6205,8.01767621235922,905.6239997328894,39930757120,31108308480,33749467136
1157,18512,0.9256,1.3139828187305254,0.27909988164901733,1.4768642200144678e-06,7681,6495,7.121666397899389,1078.5397083842051,39930757120,31108308480,33749467136
1158,18528,0.9264,1.2578032944552895,0.30606982111930847,1.4457602331640506e-06,6520,5381,6.367366113234311,1023.971275414562,39930757120,31108308480,33749467136
1159,18544,0.9272,1.1028364601252663,0.2918875813484192,1.4149824744545238e-06,6194,5361,6.016840159893036,1029.4439997405736,39930757120,31108308480,33749467136
1160,18560,0.928,1.375310694018006,0.26762333512306213,1.3845311506766988e-06,7728,6677,7.480365373194218,1033.104616479454,39930757120,31108308480,33749467136
1161,18576,0.9288,1.3638579509480395,0.2756400406360626,1.3544064664281265e-06,6998,6043,6.144442833028734,1138.9153077286471,39930757120,31108308480,33749467136
1162,18592,0.9296,1.3011000616791786,0.2852444052696228,1.324608624111734e-06,7106,6204,6.824526218231767,1041.2444428766753,39930757120,31108308480,33749467136
1163,18608,0.9304,1.1696767212159678,0.30751389265060425,1.2951378239344336e-06,6703,5467,6.324193391017616,1059.8980115820636,39930757120,31108308480,33749467136
1164,18624,0.9312,1.1120261883722102,0.31750497221946716,1.2659942639057953e-06,6319,5277,5.6219125292263925,1123.994720150783,39930757120,31108308480,33749467136
1165,18640,0.932,1.5797577099121414,0.2610844075679779,1.2371781398367311e-06,7470,6541,6.6973271681927145,1115.3703279536503,39930757120,31108308480,33749467136
1166,18656,0.9328,1.3088834653687142,0.29879841208457947,1.2086896453381402e-06,6473,5566,5.851904363371432,1106.1356437258553,39930757120,31108308480,33749467136
1167,18672,0.9336,1.1179139989127205,0.29493314027786255,1.18052897181965e-06,6971,5798,6.500781039241701,1072.3326870909573,39930757120,31108308480,33749467136
1168,18688,0.9344,1.4316533293141875,0.2664637565612793,1.1526963084882992e-06,7963,6880,7.799986250232905,1020.8992355290661,39930757120,31108308480,33749467136
1169,18704,0.9352,1.372541310124449,0.2715093493461609,1.1251918423472895e-06,7280,6371,6.544436648953706,1112.3952129881022,39930757120,31108308480,33749467136
1170,18720,0.936,1.0441686636399177,0.33085179328918457,1.0980157581947038e-06,5898,5059,5.762726510874927,1023.4738693342113,39930757120,31108308480,33749467136
1171,18736,0.9368,1.329415366891658,0.29761576652526855,1.0711682386222943e-06,7072,5743,6.748037591110915,1048.008388292892,39930757120,31108308480,33749467136
1172,18752,0.9376,1.23260105442555,0.30613064765930176,1.0446494640142412e-06,6530,5776,6.133577203378081,1064.6315817796485,39930757120,31108308480,33749467136
1173,18768,0.9384,1.2833088325113242,0.2691418528556824,1.0184596125459135e-06,7527,6472,7.110363421030343,1058.5956798969473,39930757120,31108308480,33749467136
1174,18784,0.9392,1.3264699300367566,0.30923259258270264,9.925988601827418e-07,6533,5692,5.949773024767637,1098.0250797474985,39930757120,31108308480,33749467136
1175,18800,0.94,1.443762454576419,0.25247374176979065,9.670673806789544e-07,8175,7022,7.545602862723172,1083.4124388372172,39930757120,31108308480,33749467136
1176,18816,0.9408,1.428119758898091,0.2702139914035797,9.418653455764592e-07,8157,6862,7.560742015950382,1078.8623633489588,39930757120,31108308480,33749467136
1177,18832,0.9416,1.4209721131005058,0.2907857596874237,9.169929242036967e-07,7227,6115,6.610846491064876,1093.2034210396366,39930757120,31108308480,33749467136
1178,18848,0.9424,1.2849649946375803,0.29015177488327026,8.924502836744563e-07,7871,6610,7.23242523195222,1088.2933106901144,39930757120,31108308480,33749467136
1179,18864,0.9432,1.4254663396461014,0.259756475687027,8.682375888868166e-07,7867,7037,7.369853529147804,1067.456764084385,39930757120,31108308480,33749467136
1180,18880,0.944,1.333550789616332,0.3010171949863434,8.443550025219793e-07,6769,5784,6.748994701076299,1002.9641894548399,39930757120,31108308480,33749467136
1181,18896,0.9448,1.3663169014409824,0.2622753977775574,8.208026850431982e-07,8301,7034,7.39036581479013,1123.2190947012994,39930757120,31108308480,33749467136
1182,18912,0.9456,1.3699348488899383,0.2769227623939514,7.975807946947245e-07,7576,6354,7.3859602701850235,1025.72986082556,39930757120,31108308480,33749467136
1183,18928,0.9464,1.477683002929285,0.2631969749927521,7.746894875007016e-07,8585,7345,7.767902229912579,1105.1889874387125,39930757120,31108308480,33749467136
1184,18944,0.9472,1.2425989871883345,0.2841092646121979,7.521289172641554e-07,6897,6017,6.964461458846927,990.3134708626709,39930757120,31108308480,33749467136
1185,18960,0.948,1.4072226357587323,0.2703650891780853,7.29899235565934e-07,7661,6555,7.429020517971367,1031.2261194416487,39930757120,31108308480,33749467136
1186,18976,0.9488,1.249302106061089,0.306421160697937,7.080005917636967e-07,6318,5254,5.7448512660339475,1099.7673755898184,39930757120,31108308480,33749467136
1187,18992,0.9496,1.4707139464703274,0.266435444355011,6.864331329909102e-07,7468,6381,6.5340364021249115,1142.9382299693582,39930757120,31108308480,33749467136
1188,19008,0.9504,1.1866413633840682,0.28706368803977966,6.651970041558763e-07,7541,6068,7.223646337166429,1043.9326135335216,39930757120,31108308480,33749467136
1189,19024,0.9512,1.2351077386707419,0.2897772789001465,6.442923479407336e-07,7223,6274,6.486924502067268,1113.4706435535295,39930757120,31108308480,33749467136
1190,19040,0.952,1.12279565372375,0.32474756240844727,6.237193048005019e-07,6792,5388,6.404028193093836,1060.5824639130346,39930757120,31108308480,33749467136
1191,19056,0.9528,1.4252654777223344,0.29496994614601135,6.034780129621664e-07,7535,6146,6.7872423552908,1110.171054099211,39930757120,31108308480,33749467136
1192,19072,0.9536,1.2919527508533115,0.3002648651599884,5.835686084237069e-07,6357,5622,5.649213743861765,1125.2893390531187,39930757120,31108308480,33749467136
1193,19088,0.9544,1.3093591606221475,0.2743353545665741,5.639912249532198e-07,8079,6812,7.758883441332728,1041.258070325166,39930757120,31108308480,33749467136
1194,19104,0.9552,1.2356053801943647,0.29501867294311523,5.447459940880084e-07,7635,6269,6.797970287967473,1123.1293572309494,39930757120,31108308480,33749467136
1195,19120,0.956,1.220130772096388,0.29002314805984497,5.258330451336724e-07,7343,6107,6.8896919302642345,1065.7951145456195,39930757120,31108308480,33749467136
1196,19136,0.9568,1.2631076908236398,0.2983561158180237,5.072525051632915e-07,6698,5730,5.781899067107588,1158.442913350733,39930757120,31108308480,33749467136
1197,19152,0.9576,1.3246599279629772,0.28058111667633057,4.890044990165321e-07,7963,6572,7.53899107221514,1056.2421315695067,39930757120,31108308480,33749467136
1198,19168,0.9584,1.3222361869855637,0.2888531982898712,4.710891492988034e-07,7372,6121,6.977209713310003,1056.5828322369155,39930757120,31108308480,33749467136
1199,19184,0.9592,1.4489714873088853,0.2701014280319214,4.535065763804802e-07,7773,6581,7.262435154989362,1070.3021554223276,39930757120,31108308480,33749467136
1200,19200,0.96,1.41905585467651,0.28548887372016907,4.362568983960369e-07,7157,6163,6.441310394089669,1111.1093181547383,39930757120,31108308480,33749467136
1201,19216,0.9608,1.4443777865521101,0.27528464794158936,4.1934023124329257e-07,6981,5932,6.656052812933922,1048.8198029971527,39930757120,31108308480,33749467136
1202,19232,0.9616,1.3114878059288293,0.2912265360355377,4.0275668858261726e-07,7190,5997,6.419185992330313,1120.079712379523,39930757120,31108308480,33749467136
1203,19248,0.9624,1.5959804763560475,0.23965664207935333,3.8650638183617694e-07,8710,7516,7.694428056012839,1131.9879705930239,39930757120,31108308480,33749467136
1204,19264,0.9632,1.4328316664795144,0.2772335708141327,3.7058942018716183e-07,7415,6236,6.523504178971052,1136.6590403824287,39930757120,31108308480,33749467136
1205,19280,0.964,0.9803762152708696,0.3344658613204956,3.550059105790926e-07,6234,5068,6.294558844063431,990.3791757987066,39930757120,31108308480,33749467136
1206,19296,0.9648,1.4192750769174185,0.2880118489265442,3.3975595771506e-07,7312,6185,6.642787053249776,1100.742796869099,39930757120,31108308480,33749467136
1207,19312,0.9656,1.2159488413984045,0.3147572875022888,3.248396640570528e-07,6940,5486,6.094334741123021,1138.762522047016,39930757120,31108308480,33749467136
1208,19328,0.9664,1.315734604809066,0.29994943737983704,3.102571298252588e-07,6716,5680,5.913411065936089,1135.7235147556687,39930757120,31108308480,33749467136
1209,19344,0.9672,1.2045291861432017,0.3353029191493988,2.9600845299737056e-07,5931,5212,5.677895907778293,1044.5770926999512,39930757120,31108308480,33749467136
1210,19360,0.968,1.0898769717901413,0.2789382040500641,2.820937293079695e-07,7362,6217,7.0612072492949665,1042.5979213023477,39930757120,31108308480,33749467136
1211,19376,0.9688,1.5107874379570974,0.2571897804737091,2.6851305224784853e-07,8177,6882,7.433396128937602,1100.0355501259523,39930757120,31108308480,33749467136
1212,19392,0.9696,1.2258231670702082,0.29151612520217896,2.552665130633958e-07,7384,6146,6.627459346782416,1114.1524396652662,39930757120,31108308480,33749467136
1213,19408,0.9704,1.4285122549032283,0.2786242365837097,2.423542007559787e-07,8334,7059,7.762011466547847,1073.690761205039,39930757120,31108308480,33749467136
1214,19424,0.9712,1.1198959416411056,0.31751400232315063,2.2977620208135542e-07,6482,5433,6.203633430879563,1044.8715373372681,39930757120,31108308480,33749467136
1215,19440,0.972,1.0017672274856098,0.3174949884414673,2.1753260154906973e-07,6241,5202,6.321535715833306,987.2601026944146,39930757120,31108308480,33749467136
1216,19456,0.9728,1.446007719581761,0.2684073746204376,2.0562348142191824e-07,7598,6653,6.864879926200956,1106.7928473156492,39930757120,31108308480,33749467136
1217,19472,0.9736,1.2178769739994333,0.2889721691608429,1.9404892171536183e-07,6861,6050,6.594673415180296,1040.3851059866963,39930757120,31108308480,33749467136
1218,19488,0.9744,1.3603044924889403,0.2724989652633667,1.8280900019701508e-07,7746,6653,7.519500527065247,1030.1216114181393,39930757120,31108308480,33749467136
1219,19504,0.9752,1.316005647543037,0.2858840823173523,1.7190379238609666e-07,7069,5951,6.510568579193205,1085.773064827465,39930757120,31108308480,33749467136
1220,19520,0.976,1.2599136621966338,0.3160858750343323,1.6133337155294637e-07,6532,5509,5.8668341604061425,1113.3773039099865,39930757120,31108308480,33749467136
1221,19536,0.9768,1.3266840975882015,0.28579309582710266,1.5109780871853663e-07,6835,5994,6.2771422900259495,1088.8712863591538,39930757120,31108308480,33749467136
1222,19552,0.9776,1.1366349853018425,0.2978214621543884,1.4119717265396182e-07,6463,5620,6.0443522576242685,1069.2626313841413,39930757120,31108308480,33749467136
1223,19568,0.9784,1.1966025150728423,0.3216085135936737,1.3163152988000528e-07,6220,5091,6.0431115492247045,1029.271088136374,39930757120,31108308480,33749467136
1224,19584,0.9792,1.3874566171924543,0.29648131132125854,1.2240094466668406e-07,7787,6323,7.20495362393558,1080.7841946589085,39930757120,31108308480,33749467136
1225,19600,0.98,1.6058004093538139,0.26367196440696716,1.1350547903282716e-07,7934,6868,7.57924344483763,1046.8063280648416,39930757120,31108308480,33749467136
1226,19616,0.9808,1.4365502265036316,0.26095446944236755,1.0494519274562575e-07,8031,6824,7.214312935713679,1113.2037203769469,39930757120,31108308480,33749467136
1227,19632,0.9816,1.2908739452259212,0.2979752719402313,9.672014332028356e-08,7247,5749,6.934421069920063,1045.076427711584,39930757120,31108308480,33749467136
1228,19648,0.9824,1.3478172816710396,0.2763086259365082,8.883038601957827e-08,7304,6311,6.739189282990992,1083.8098906695693,39930757120,31108308480,33749467136
1229,19664,0.9832,1.5738022373928149,0.27366429567337036,8.127597385352293e-08,6849,5947,6.198253344744444,1104.98871521722,39930757120,31108308480,33749467136
1230,19680,0.984,1.3724268984055938,0.2828867435455322,7.405695757899955e-08,7441,6423,7.05575186572969,1054.6005785919838,39930757120,31108308480,33749467136
1231,19696,0.9848,1.3723545455241457,0.23829133808612823,6.717338569942611e-08,8419,7451,8.247205174993724,1020.8306718895723,39930757120,31108308480,33749467136
1232,19712,0.9856,1.2008781137445945,0.2877408564090729,6.062530446440673e-08,6731,6052,6.249781862832606,1076.9975893125477,39930757120,31108308480,33749467136
1233,19728,0.9864,1.376026358479132,0.2918688654899597,5.4412757869459763e-08,7164,6127,6.633236820809543,1080.0157138254685,39930757120,31108308480,33749467136
1234,19744,0.9872,1.4242076778929862,0.2684425413608551,4.853578765567357e-08,8011,6812,7.6574869668111205,1046.1656722004316,39930757120,31108308480,33749467136
1235,19760,0.988,1.442826405304455,0.267713725566864,4.299443330947894e-08,7385,6532,6.801280287094414,1085.8249753378357,39930757120,31108308480,33749467136
1236,19776,0.9888,1.4040504030427523,0.2797491252422333,3.778873206234379e-08,7951,6604,7.854125453159213,1012.3342245318759,39930757120,31108308480,33749467136
1237,19792,0.9896,1.0969920204772765,0.2982286512851715,3.2918718890534436e-08,6906,5808,6.349102649837732,1087.7127652325012,39930757120,31108308480,33749467136
1238,19808,0.9904,1.5070021346536524,0.2684084475040436,2.8384426514893592e-08,7598,6463,6.779996024910361,1120.6496245844708,39930757120,31108308480,33749467136
1239,19824,0.9912,1.1713407706147259,0.3098292052745819,2.4185885400596075e-08,6440,5541,5.811223556287587,1108.2003536126388,39930757120,31108308480,33749467136
1240,19840,0.992,1.4350819349742872,0.2728187143802643,2.032312375697121e-08,8017,6828,7.401412344072014,1083.1716471547522,39930757120,31108308480,33749467136
1241,19856,0.9928,1.290195686000521,0.3295249342918396,1.6796167537297404e-08,6815,5366,6.2967306901700795,1082.3076824039813,39930757120,31108308480,33749467136
1242,19872,0.9936,1.307776940965225,0.29994672536849976,1.3605040438618988e-08,6970,5687,6.411411157343537,1087.1241648598161,39930757120,31108308480,33749467136
1243,19888,0.9944,1.3041694426865589,0.2929845452308655,1.0749763901607423e-08,7159,5652,6.407106988132,1117.3529665199512,39930757120,31108308480,33749467136
1244,19904,0.9952,1.2263207343413676,0.30627158284187317,8.230357110416975e-09,6591,5560,6.118788574822247,1077.1740058352107,39930757120,31108308480,33749467136
1245,19920,0.996,1.3575472755635039,0.29629257321357727,6.04683699252373e-09,7155,5922,6.79729798482731,1052.6241480028004,39930757120,31108308480,33749467136
1246,19936,0.9968,1.4032919922635043,0.26009467244148254,4.1992182186589845e-09,8250,6851,7.373794412240386,1118.8269619105636,39930757120,31108308480,33749467136
1247,19952,0.9976,1.5860477982291865,0.2695296108722687,2.6875132026760175e-09,8185,7003,7.3281241143122315,1116.9297725203974,39930757120,31108308480,33749467136
1248,19968,0.9984,1.4188738009414668,0.28472185134887695,1.511732101472374e-09,7314,6324,6.989820753689855,1046.378763881608,39930757120,31108308480,33749467136
1249,19984,0.9992,1.1358383477585803,0.29895681142807007,6.718828149343548e-10,7113,5809,6.760113094933331,1052.2013315622125,39930757120,31108308480,33749467136
1250,20000,1.0,1.4692604859536211,0.2480235993862152,1.6797098587595372e-10,8438,7128,7.475709025282413,1128.722368870053,39930757120,31108308480,33749467136
